"0501";"13550";"4990333";" ";1.000;4690.00;2009.09;1407.00;16. 11. 2023;21
"0502";"13559";"1005018";" ";4.000;557.00;279.92;668.40;1. 11. 2023;21
"0502";"13512";"2004063";"1";5.350;689.00;252.25;552.90;1. 11. 2023;21
"0502";"13512";"7218002";" ";1.000;167.00;56.31;41.80;1. 11. 2023;21
"0221";" 1432";"2003764";" ";3.750;699.00;245.81;0.00;1. 11. 2023;21
"0221";" 1432";"1005110";" ";2.000;557.00;279.92;0.00;1. 11. 2023;21
"0221";" 1432";"4002563";" ";16.770;1119.00;392.58;0.00;1. 11. 2023;21
"0221";" 1432";"4002553";" ";9.030;1119.00;392.58;0.00;1. 11. 2023;21
"0221";" 1432";"4002554";" ";16.000;1099.00;389.88;0.00;1. 11. 2023;21
"0221";" 1432";"4002554";" ";1.000;1099.00;410.40;0.00;1. 11. 2023;21
"0221";" 1432";"4002555";" ";5.000;625.00;230.30;0.00;1. 11. 2023;21
"0221";" 1432";"1009656";" ";6.400;799.00;401.46;0.00;1. 11. 2023;21
"0221";" 1432";"5301755";" ";2.040;1050.00;168.75;0.00;1. 11. 2023;21
"0221";" 1432";"6002674";" ";72.900;399.00;168.99;0.00;1. 11. 2023;21
"0221";" 1432";"6002674";" ";72.900;399.00;176.90;0.00;1. 11. 2023;21
"0221";" 1432";"4000837";"1";57.600;299.00;126.51;0.00;1. 11. 2023;21
"0221";" 1432";"4000837";"1";57.600;299.00;126.51;0.00;1. 11. 2023;21
"0221";" 1432";"1009959";" ";41.140;499.00;220.70;0.00;1. 11. 2023;21
"0502";"13575";"7901625";" ";6.000;379.00;227.54;220.60;1. 11. 2023;21
"0501";"13576";"7216502";" ";2.000;167.00;56.42;83.50;1. 11. 2023;21
"0506";"13577";"7217402";" ";1.000;167.00;56.32;0.00;1. 11. 2023;21
"0502";"13578";"6000261";" ";1.000;363.00;189.14;36.30;1. 11. 2023;21
"0502";"13578";"7772625";" ";3.000;335.00;194.81;98.49;1. 11. 2023;21
"0502";"13578";"7776525";" ";1.000;356.00;190.49;34.89;1. 11. 2023;21
"0502";"13578";"7202800";" ";2.000;269.00;115.41;134.50;1. 11. 2023;21
"0202";"90254";"7909910";" ";2.000;364.00;156.54;0.00;1. 11. 2023;21
"0202";"90254";"7000561";" ";1.000;4856.00;2086.92;0.00;1. 11. 2023;21
"0202";"90254";"7201400";" ";6.000;314.00;134.87;0.00;1. 11. 2023;21
"0202";"90254";"7202100";" ";24.000;269.00;115.41;0.00;1. 11. 2023;21
"0202";"90254";"7202400";" ";6.000;314.00;134.87;0.00;1. 11. 2023;21
"0202";"90254";"7203500";" ";24.000;269.00;115.41;0.00;1. 11. 2023;21
"0202";"90254";"7216000";" ";1.000;355.00;152.47;0.00;1. 11. 2023;21
"0202";"90254";"7214704";" ";4.000;334.00;137.82;0.00;1. 11. 2023;21
"0202";"90254";"7214102";" ";4.000;198.00;66.80;0.00;1. 11. 2023;21
"0202";"90254";"7214104";" ";4.000;334.00;137.82;0.00;1. 11. 2023;21
"0202";"90254";"7218602";" ";8.000;167.00;56.31;0.00;1. 11. 2023;21
"0202";"90254";"7218604";" ";8.000;270.00;111.25;0.00;1. 11. 2023;21
"0202";"90254";"7216502";" ";8.000;167.00;56.31;0.00;1. 11. 2023;21
"0202";"90254";"7216504";" ";12.000;270.00;111.25;0.00;1. 11. 2023;21
"0202";"90254";"7211104";" ";40.000;270.00;111.25;0.00;1. 11. 2023;21
"0202";"90254";"7217102";" ";4.000;167.00;56.31;0.00;1. 11. 2023;21
"0202";"90254";"7210504";" ";20.000;270.00;111.25;0.00;1. 11. 2023;21
"0202";"90254";"7200200";" ";6.000;269.00;115.41;0.00;1. 11. 2023;21
"0202";"90254";"7201000";" ";12.000;269.00;115.41;0.00;1. 11. 2023;21
"0202";"90254";"7202600";" ";12.000;269.00;115.41;0.00;1. 11. 2023;21
"0202";"90254";"7202800";" ";24.000;269.00;115.41;0.00;1. 11. 2023;21
"0202";"90254";"7204200";" ";6.000;269.00;115.41;0.00;1. 11. 2023;21
"0202";"90254";"7900750";" ";1.000;3369.00;1447.68;0.00;1. 11. 2023;21
"0202";"90254";"3100000";"5";1.000;726.00;600.00;0.00;1. 11. 2023;21
"0502";"13579";"7216000";" ";1.000;355.00;152.47;88.75;1. 11. 2023;21
"0506";"13580";"1010205";"1";15.340;395.00;156.41;0.00;1. 11. 2023;21
"0506";"13580";"7772625";" ";3.000;335.00;194.81;0.00;1. 11. 2023;21
"0506";"13580";"7213504";" ";2.000;204.00;84.09;0.00;1. 11. 2023;21
"0506";"13580";"7202600";" ";2.000;269.00;115.42;0.00;1. 11. 2023;21
"0506";"13580";"7202100";" ";1.000;269.00;114.89;0.00;1. 11. 2023;21
"0504";"13581";"7200200";" ";2.000;269.00;115.37;0.00;1. 11. 2023;21
"0504";"13581";"7216504";" ";1.000;270.00;111.23;0.00;1. 11. 2023;21
"0502";"13582";"7000561";" ";1.000;4856.00;2086.92;1456.80;1. 11. 2023;21
"0502";"13583";"6005416";" ";12.870;499.00;263.31;2568.80;1. 11. 2023;21
"0502";"13584";"5800005";" ";7.000;56.00;27.85;0.00;1. 11. 2023;21
"0501";"13585";"4000837";" ";2.880;299.00;130.22;129.20;1. 11. 2023;21
"0501";"13585";"7213504";" ";1.000;204.00;84.09;51.00;1. 11. 2023;21
"0502";"13586";"6004929";" ";5.720;939.00;335.41;0.00;1. 11. 2023;21
"0504";"13587";"5800024";" ";2.000;254.00;150.36;0.00;1. 11. 2023;21
"0402";"42856";"3100000";"1";1.000;726.00;224.58;0.00;1. 11. 2023;21
"0501";"13588";"7101008";" ";2.000;507.00;208.50;253.50;1. 11. 2023;21
"0501";"13588";"7219504";" ";1.000;334.00;137.82;83.50;1. 11. 2023;21
"0506";"13589";"5300022";" ";4.200;915.00;227.60;0.00;1. 11. 2023;21
"0504";"13590";"     49";" ";1.000;290.00;0.00;0.00;1. 11. 2023;21
"0504";"13590";"     70";" ";1.000;-290.00;0.00;0.00;1. 11. 2023;21
"0501";"13591";"7216504";" ";4.000;270.00;111.23;270.00;2. 11. 2023;21
"0504";"13592";"7776525";" ";2.000;356.00;190.49;0.00;2. 11. 2023;21
"0502";"13593";"1002755";"<";31.610;431.00;198.90;5449.60;2. 11. 2023;21
"0402";"42682";"3100000";"1";5.000;726.00;224.58;0.00;2. 11. 2023;21
"0502";"13594";"3100000";"5";1.000;726.00;600.00;0.00;2. 11. 2023;21
"0502";"13595";"7772625";" ";10.000;335.00;194.81;328.30;2. 11. 2023;21
"0502";"13595";"7211104";" ";5.000;270.00;111.25;405.00;2. 11. 2023;21
"0506";"13596";"7213504";" ";1.000;204.00;84.09;0.00;2. 11. 2023;21
"0506";"13596";"7202600";" ";3.000;269.00;115.42;0.00;2. 11. 2023;21
"0502";"13598";"6003713";"2";56.000;499.00;201.02;0.00;2. 11. 2023;21
"0502";"13598";"3100000";"2";1.000;726.00;130.98;0.00;2. 11. 2023;21
"0502";"13598";"     51";" ";1.000;590.00;0.00;0.00;2. 11. 2023;21
"0502";"13598";"     71";" ";1.000;-590.00;0.00;0.00;2. 11. 2023;21
"0504";"13599";"7201000";" ";2.000;269.00;115.16;0.00;2. 11. 2023;21
"0504";"13600";"7211102";" ";1.000;167.00;56.42;0.00;2. 11. 2023;21
"0402";"43598";"3100000";"2";1.000;726.00;130.98;0.00;3. 11. 2023;21
"0202";"90255";"5100923";" ";1.000;10290.00;5272.56;0.00;3. 11. 2023;21
"0202";"90255";"5100938";" ";1.000;8190.00;4196.53;0.00;3. 11. 2023;21
"0502";"13601";"5100923";" ";1.000;10290.00;5272.56;3087.00;3. 11. 2023;21
"0502";"13601";"5100938";" ";1.000;8190.00;4196.53;2457.00;3. 11. 2023;21
"0501";"13602";"7204200";" ";1.000;269.00;115.30;67.30;3. 11. 2023;21
"0504";"13603";"7201400";" ";1.000;314.00;134.87;78.50;3. 11. 2023;21
"0221";" 1434";"5301605";" ";5.760;995.00;241.13;0.00;3. 11. 2023;21
"0221";" 1434";"4002408";" ";2.500;699.00;245.74;0.00;3. 11. 2023;21
"0221";" 1434";"2004467";" ";4.000;299.00;180.00;0.00;3. 11. 2023;21
"0221";" 1434";"1002234";" ";1.500;557.00;279.92;0.00;3. 11. 2023;21
"0221";" 1434";"5302005";" ";6.050;890.00;249.16;0.00;3. 11. 2023;21
"0221";" 1434";"1007733";" ";4.320;1026.00;415.38;0.00;3. 11. 2023;21
"0221";" 1434";"1007735";" ";5.400;1026.00;433.35;0.00;3. 11. 2023;21
"0221";" 1434";"2004467";" ";1.000;299.00;180.00;0.00;3. 11. 2023;21
"0221";" 1434";"5301994";"1";40.000;699.00;188.72;0.00;3. 11. 2023;21
"0221";" 1434";"3154348";" ";57.600;299.00;143.01;0.00;3. 11. 2023;21
"0221";" 1434";"5301994";"1";40.000;699.00;195.80;0.00;3. 11. 2023;21
"0221";" 1434";"4002689";" ";51.200;399.00;179.00;0.00;3. 11. 2023;21
"0221";" 1434";"5302082";" ";40.000;399.00;182.85;0.00;3. 11. 2023;21
"0221";" 1434";"2004468";" ";48.000;299.00;180.00;0.00;3. 11. 2023;21
"0221";" 1434";"2004466";" ";48.000;299.00;180.00;0.00;3. 11. 2023;21
"0221";" 1434";"2004467";" ";4.000;299.00;180.00;0.00;3. 11. 2023;21
"0221";" 1434";"2004467";" ";44.000;299.00;180.00;0.00;3. 11. 2023;21
"0221";" 1434";"2004468";" ";48.000;299.00;180.00;0.00;3. 11. 2023;21
"0221";" 1434";"2004466";" ";48.000;299.00;180.00;0.00;3. 11. 2023;21
"0221";" 1434";"6002675";"1";72.900;399.00;176.26;0.00;3. 11. 2023;21
"0221";" 1434";"5800024";" ";42.000;254.00;152.60;0.00;3. 11. 2023;21
"0502";"13601";"5301605";" ";5.760;995.00;241.13;859.70;3. 11. 2023;21
"0501";"13604";"1002234";" ";1.500;557.00;279.92;309.14;7. 11. 2023;21
"0502";"13605";"5302005";" ";6.050;890.00;249.16;807.68;3. 11. 2023;21
"0502";"13606";"1007733";" ";4.320;1026.00;415.38;664.80;3. 11. 2023;21
"0502";"13606";"1007735";" ";5.400;1026.00;433.35;831.10;3. 11. 2023;21
"0502";"13606";"3086010";"2";3.600;499.00;180.84;0.00;3. 11. 2023;21
"0506";"13607";"     22";" ";1.000;1500.00;0.00;0.00;3. 11. 2023;21
"0502";"13608";"4002408";" ";2.500;699.00;245.74;262.10;3. 11. 2023;21
"0506";"13609";"4002689";" ";3.200;399.00;179.00;0.00;3. 11. 2023;21
"0506";"13610";"4002691";"1";3.200;399.00;179.00;0.00;3. 11. 2023;21
"0506";"13612";"2003440";" ";4.280;745.00;354.78;0.00;3. 11. 2023;21
"0504";"13613";"6000003";" ";4.000;73.00;40.16;0.00;3. 11. 2023;21
"0506";"13614";"2003357";"2";3.200;399.00;190.45;0.00;3. 11. 2023;21
"0504";"13615";"6005414";" ";5.720;499.00;215.41;0.00;3. 11. 2023;21
"0504";"13616";"7202600";" ";1.000;269.00;115.42;0.00;3. 11. 2023;21
"0502";"13617";"4002359";"1";4.000;549.00;185.96;329.40;3. 11. 2023;21
"0502";"13605";"5100874";" ";1.000;308.00;153.20;92.40;3. 11. 2023;21
"0221";" 1435";"5900584";" ";1.000;4089.00;1592.31;0.00;3. 11. 2023;21
"0221";" 1435";"5900626";" ";1.000;1649.00;816.30;0.00;3. 11. 2023;21
"0221";" 1435";"5900593";" ";1.000;220.00;109.78;0.00;3. 11. 2023;21
"0221";" 1435";"5900607";" ";1.000;7307.00;3723.03;0.00;3. 11. 2023;21
"0221";" 1435";"5900815";" ";1.000;5355.00;2676.63;0.00;3. 11. 2023;21
"0221";" 1436";"4990335";" ";1.000;6250.00;2685.95;0.00;3. 11. 2023;21
"0221";" 1436";"4990346";" ";1.000;7350.00;3145.78;0.00;3. 11. 2023;21
"0221";" 1436";"4990392";" ";1.000;5590.00;2401.24;0.00;3. 11. 2023;21
"0221";" 1436";"4990333";" ";1.000;4690.00;2009.09;0.00;3. 11. 2023;21
"0221";" 1436";"6200376";" ";1.000;3394.00;1402.50;0.00;3. 11. 2023;21
"0502";"13606";"     52";" ";1.000;990.00;0.00;0.00;3. 11. 2023;21
"0502";"13606";"     72";" ";1.000;-990.00;0.00;0.00;3. 11. 2023;21
"0502";"13601";"4990335";" ";1.000;6250.00;2685.95;1875.00;3. 11. 2023;21
"0501";"13619";"2003774";"1";1.250;699.00;271.48;0.00;4. 11. 2023;21
"0501";"13620";"4990346";" ";1.000;7350.00;3145.78;1837.50;16. 11. 2023;21
"0502";"13621";"6200376";" ";1.000;3394.00;1402.50;1187.90;7. 11. 2023;21
"0501";"13622";"5900584";" ";1.000;4089.00;1544.43;1226.70;8. 11. 2023;21
"0501";"13622";"5900626";" ";1.000;1649.00;816.30;494.70;8. 11. 2023;21
"0501";"13622";"5900593";" ";1.000;220.00;109.78;66.00;8. 11. 2023;21
"0501";"13622";"5900607";" ";1.000;7307.00;3723.03;2192.10;8. 11. 2023;21
"0501";"13622";"5900815";" ";1.000;5355.00;2676.63;1606.50;8. 11. 2023;21
"0501";"13623";"7203500";" ";1.000;269.00;115.41;67.30;4. 11. 2023;21
"0501";"13624";"7772625";" ";3.000;335.00;194.81;98.50;4. 11. 2023;21
"0501";"13625";"6002675";"1";4.050;399.00;173.72;242.40;4. 11. 2023;21
"0501";"13625";"6002674";" ";14.850;399.00;172.85;888.80;4. 11. 2023;21
"0501";"13625";"6002670";" ";3.990;469.00;199.17;280.70;4. 11. 2023;21
"0506";"13626";"5300424";" ";5.000;605.00;138.63;0.00;4. 11. 2023;21
"0502";"13579";"5700085";" ";1.000;217.00;134.25;0.00;1. 11. 2023;21
"0502";"13579";"5700086";" ";1.000;282.00;174.75;0.00;1. 11. 2023;21
"0506";"13627";"7202600";" ";1.000;269.00;115.42;0.00;4. 11. 2023;21
"0506";"13627";"5800002";" ";1.000;154.00;109.00;0.00;4. 11. 2023;21
"0502";"13628";"1010229";" ";1.440;279.00;133.00;60.27;6. 11. 2023;21
"0506";"13629";"7202100";" ";1.000;269.00;114.89;0.00;6. 11. 2023;21
"0502";"13630";"5300586";" ";12.000;765.00;179.85;1377.00;6. 11. 2023;21
"0502";"13630";"5300584";"2";6.000;765.00;181.21;688.50;6. 11. 2023;21
"0502";"13630";"5300598";"1";5.000;555.00;121.76;416.25;6. 11. 2023;21
"0504";"13631";"2003325";" ";2.380;929.00;494.66;0.00;6. 11. 2023;21
"0501";"13632";"1008169";" ";2.160;954.00;267.41;309.10;10. 11. 2023;21
"0501";"13633";"7210102";" ";1.000;132.00;50.65;33.00;6. 11. 2023;21
"0504";"13634";"7214102";" ";1.000;198.00;66.80;0.00;6. 11. 2023;21
"0504";"13634";"7909986";" ";1.000;314.00;134.68;0.00;6. 11. 2023;21
"0501";"13635";"5301569";"3";5.400;845.00;199.50;684.50;6. 11. 2023;21
"0521";" 1437";"6004930";" ";28.640;1019.00;0.00;0.00;6. 11. 2023;21
"0520";" 1438";"5301824";" ";1.080;859.00;0.00;0.00;6. 11. 2023;21
"0506";"13636";"2004468";" ";1.000;299.00;180.00;0.00;6. 11. 2023;21
"0502";"13637";"4990333";" ";1.000;4690.00;2009.09;1407.00;6. 11. 2023;21
"0506";"13638";"4000837";" ";12.960;299.00;130.22;0.00;6. 11. 2023;21
"0506";"13638";"7213504";" ";1.000;204.00;84.09;0.00;6. 11. 2023;21
"0301";"   38";"1008044";" ";0.000;-300.00;499.00;0.00;6. 11. 2023;21
"0301";"   38";"1008044";"1";0.000;-300.00;499.00;0.00;6. 11. 2023;21
"0301";"   38";"1008044";"2";0.000;-300.00;499.00;0.00;6. 11. 2023;21
"0301";"   38";"1008045";" ";0.000;-300.00;499.00;0.00;6. 11. 2023;21
"0301";"   38";"1008046";" ";0.000;-500.00;699.00;0.00;6. 11. 2023;21
"0301";"   38";"1008047";" ";0.000;-300.00;499.00;0.00;6. 11. 2023;21
"0301";"   38";"1008048";" ";0.000;-300.00;499.00;0.00;6. 11. 2023;21
"0301";"   38";"1008049";" ";0.000;-500.00;699.00;0.00;6. 11. 2023;21
"0301";"   38";"1008049";"1";0.000;-500.00;699.00;0.00;6. 11. 2023;21
"0301";"   38";"1008050";" ";0.000;-300.00;499.00;0.00;6. 11. 2023;21
"0301";"   38";"1008051";" ";0.000;-500.00;699.00;0.00;6. 11. 2023;21
"0301";"   38";"1008052";" ";0.000;-300.00;499.00;0.00;6. 11. 2023;21
"0301";"   38";"1008053";" ";0.000;-500.00;699.00;0.00;6. 11. 2023;21
"0301";"   38";"1008054";" ";0.000;-300.00;499.00;0.00;6. 11. 2023;21
"0301";"   38";"1008055";" ";0.000;-500.00;699.00;0.00;6. 11. 2023;21
"0301";"   38";"4002692";" ";0.000;-386.00;585.00;0.00;6. 11. 2023;21
"0301";"   38";"4002692";"1";0.000;-386.00;585.00;0.00;6. 11. 2023;21
"0301";"   38";"4002692";"2";0.000;-386.00;585.00;0.00;6. 11. 2023;21
"0301";"   38";"4002692";"3";0.000;-386.00;585.00;0.00;6. 11. 2023;21
"0301";"   38";"4002694";" ";0.000;-386.00;585.00;0.00;6. 11. 2023;21
"0301";"   38";"4002694";"1";0.000;-386.00;585.00;0.00;6. 11. 2023;21
"0301";"   38";"4002694";"2";0.000;-386.00;585.00;0.00;6. 11. 2023;21
"0301";"   38";"4002696";" ";0.000;-386.00;585.00;0.00;6. 11. 2023;21
"0301";"   38";"4002696";"1";0.000;-386.00;585.00;0.00;6. 11. 2023;21
"0301";"   38";"5302032";" ";0.000;36.00;809.00;0.00;6. 11. 2023;21
"0301";"   38";"6003754";" ";0.000;-54.00;579.00;0.00;6. 11. 2023;21
"0301";"   38";"6003755";" ";0.000;-44.00;459.00;0.00;6. 11. 2023;21
"0301";"   38";"6003759";" ";0.000;-126.00;625.00;0.00;6. 11. 2023;21
"0301";"   38";"6003760";" ";0.000;-126.00;625.00;0.00;6. 11. 2023;21
"0301";"   38";"6003761";" ";0.000;-90.00;689.00;0.00;6. 11. 2023;21
"0301";"   38";"6005102";" ";0.000;-156.00;655.00;0.00;6. 11. 2023;21
"0301";"   38";"6005607";" ";0.000;-104.00;939.00;0.00;6. 11. 2023;21
"0301";"   38";"6005608";" ";0.000;-104.00;939.00;0.00;6. 11. 2023;21
"0301";"   38";"6005609";" ";0.000;-104.00;939.00;0.00;6. 11. 2023;21
"0301";"   38";"6005610";" ";45.760;-104.00;939.00;0.00;6. 11. 2023;21
"0301";"   38";"6005795";" ";0.000;-249.00;1439.00;0.00;6. 11. 2023;21
"0301";"   38";"6005796";" ";0.000;-249.00;1439.00;0.00;6. 11. 2023;21
"0301";"   38";"6005797";" ";0.000;-249.00;1439.00;0.00;6. 11. 2023;21
"0301";"   38";"6005798";" ";0.000;-249.00;1439.00;0.00;6. 11. 2023;21
"0301";"   38";"6005799";" ";0.000;-249.00;1439.00;0.00;6. 11. 2023;21
"0301";"   38";"6005800";" ";0.000;-249.00;1439.00;0.00;6. 11. 2023;21
"0301";"   38";"6005801";" ";0.000;-249.00;1439.00;0.00;6. 11. 2023;21
"0301";"   38";"6005802";" ";0.000;-249.00;1439.00;0.00;6. 11. 2023;21
"0301";"   38";"6005803";" ";0.000;-249.00;1439.00;0.00;6. 11. 2023;21
"0301";"   38";"6005804";" ";0.000;-249.00;1439.00;0.00;6. 11. 2023;21
"0301";"   38";"6005805";" ";0.000;-249.00;1439.00;0.00;6. 11. 2023;21
"0301";"   38";"6005806";" ";0.000;-249.00;1439.00;0.00;6. 11. 2023;21
"0502";"13639";"6005415";" ";14.320;499.00;264.95;1071.90;6. 11. 2023;21
"0502";"13639";"2003440";" ";5.350;745.00;354.78;597.90;6. 11. 2023;21
"0502";"13639";"7776525";" ";7.000;356.00;190.49;249.20;6. 11. 2023;21
"0502";"13639";"     24";" ";1.000;-1500.00;0.00;0.00;6. 11. 2023;21
"0506";"13640";"4002360";"2";11.000;555.00;185.97;0.00;6. 11. 2023;21
"0506";"13640";"7218004";" ";1.000;270.00;111.23;0.00;6. 11. 2023;21
"0501";"13641";"4002688";" ";6.400;399.00;179.00;383.00;6. 11. 2023;21
"0501";"13641";"6002674";" ";17.550;399.00;172.85;1050.40;6. 11. 2023;21
"0504";"13642";"6000180";" ";2.000;200.00;89.63;0.00;6. 11. 2023;21
"0502";"13643";"7654321";" ";5.000;156.00;90.26;76.40;6. 11. 2023;21
"0502";"13643";"5800005";" ";3.000;56.00;27.85;0.00;6. 11. 2023;21
"0501";"13644";"1010233";" ";1.440;279.00;133.00;60.30;6. 11. 2023;21
"0501";"13645";"2004468";" ";27.000;299.00;180.00;0.00;11. 11. 2023;21
"0506";"13646";"7210102";" ";1.000;132.00;50.65;0.00;7. 11. 2023;21
"0502";"13647";"7772625";" ";7.000;335.00;194.81;229.81;7. 11. 2023;21
"0502";"13647";"7900110";" ";1.000;1416.00;608.35;354.00;7. 11. 2023;21
"0506";"13648";"1137151";" ";1.000;25.00;6.83;0.00;7. 11. 2023;21
"0502";"13649";"5301529";"1";1.350;859.00;201.91;173.96;7. 11. 2023;21
"0502";"13649";"5301569";"3";1.350;845.00;199.50;171.12;7. 11. 2023;21
"0504";"13650";"2004467";" ";1.000;299.00;180.00;0.00;7. 11. 2023;21
"0502";"13651";"7772625";" ";1.000;335.00;194.81;32.83;7. 11. 2023;21
"0502";"13651";"7214704";" ";1.000;334.00;137.82;83.50;7. 11. 2023;21
"0502";"13652";"2003442";"2";7.490;775.00;292.14;1741.40;7. 11. 2023;21
"0221";" 1439";"6003371";" ";3.990;469.00;199.17;0.00;7. 11. 2023;21
"0221";" 1439";"6003377";" ";13.500;399.00;176.42;0.00;7. 11. 2023;21
"0221";" 1439";"5300368";" ";0.720;809.00;197.18;0.00;7. 11. 2023;21
"0221";" 1439";"5300368";" ";10.280;809.00;197.18;0.00;7. 11. 2023;21
"0221";" 1439";"5300368";" ";2.200;809.00;0.00;0.00;7. 11. 2023;21
"0221";" 1439";"3124730";" ";5.280;399.00;169.25;0.00;7. 11. 2023;21
"0221";" 1439";"6000554";" ";5.320;469.00;112.97;0.00;7. 11. 2023;21
"0221";" 1439";"6000560";" ";18.000;369.00;157.86;0.00;7. 11. 2023;21
"0221";" 1439";"2003774";" ";60.000;699.00;245.81;0.00;7. 11. 2023;21
"0221";" 1439";"5300368";" ";57.200;809.00;197.18;0.00;7. 11. 2023;21
"0221";" 1439";"5301569";" ";81.000;845.00;205.34;0.00;7. 11. 2023;21
"0502";"13653";"7654321";" ";1.000;156.00;90.26;15.30;7. 11. 2023;21
"0502";"13653";"7772625";" ";1.000;335.00;194.81;32.80;7. 11. 2023;21
"0502";"13653";"6000057";" ";1.000;67.00;36.12;16.10;7. 11. 2023;21
"0502";"13653";"6000065";" ";1.000;7.00;3.68;1.70;7. 11. 2023;21
"0502";"13654";"5301569";" ";9.450;845.00;205.34;1197.80;7. 11. 2023;21
"0502";"13611";"6003371";" ";3.990;469.00;199.17;0.00;3. 11. 2023;21
"0502";"13611";"6003377";" ";13.500;399.00;176.42;0.00;3. 11. 2023;21
"0502";"13655";"6000554";" ";5.320;469.00;112.97;374.27;7. 11. 2023;21
"0502";"13655";"6000560";" ";18.000;369.00;157.86;996.30;7. 11. 2023;21
"0504";"13656";"3124730";" ";5.280;399.00;169.25;0.00;7. 11. 2023;21
"0504";"13656";"5800024";" ";1.000;254.00;151.26;0.00;7. 11. 2023;21
"0504";"13657";"2004467";" ";4.000;299.00;180.00;0.00;7. 11. 2023;21
"0501";"13622";"2003774";" ";2.500;699.00;245.81;262.10;8. 11. 2023;21
"0506";"13658";"5301571";" ";5.940;809.00;203.28;0.00;8. 11. 2023;21
"0506";"13659";"6002674";" ";2.700;399.00;172.85;0.00;8. 11. 2023;21
"0506";"13659";"6002675";"1";4.050;399.00;173.72;0.00;8. 11. 2023;21
"0506";"13659";"6002886";" ";1.000;319.00;115.51;0.00;8. 11. 2023;21
"0502";"13660";"5300368";" ";70.400;809.00;191.02;8543.00;8. 11. 2023;21
"0520";" 1440";"4002688";" ";20.800;399.00;179.00;0.00;8. 11. 2023;21
"0502";"13655";"1003160";" ";2.000;466.00;157.72;326.20;7. 11. 2023;21
"0221";" 1441";"6005419";" ";8.580;1029.00;327.13;0.00;8. 11. 2023;21
"0502";"13661";"5102778";" ";1.000;3990.00;1867.00;598.50;30. 11. 2023;21
"0502";"13583";"6005419";" ";8.580;1029.00;327.13;3531.50;1. 11. 2023;21
"0504";"13662";"     22";" ";1.000;1500.00;0.00;0.00;8. 11. 2023;21
"0502";"13663";"1003160";" ";1.000;466.00;157.72;163.10;8. 11. 2023;21
"0506";"13664";"7202600";" ";2.000;269.00;115.42;0.00;8. 11. 2023;21
"0502";"13665";"1009962";" ";3.630;499.00;228.31;271.70;8. 11. 2023;21
"0502";"13666";"6003220";" ";6.000;615.00;126.87;553.50;8. 11. 2023;21
"0502";"13666";"1500334";" ";1.000;177.00;84.68;35.40;8. 11. 2023;21
"0502";"13666";"1303848";" ";1.000;359.00;202.00;71.80;8. 11. 2023;21
"0502";"13666";"1304023";" ";1.000;2199.00;1090.20;659.70;8. 11. 2023;21
"0502";"13666";"4990652";" ";1.000;155.00;64.09;46.50;8. 11. 2023;21
"0502";"13666";"5102778";" ";1.000;3990.00;1867.00;598.50;8. 11. 2023;21
"0502";"13666";"1500330";" ";1.000;543.00;287.36;108.60;8. 11. 2023;21
"0502";"13667";"1009962";" ";3.630;499.00;228.31;271.70;8. 11. 2023;21
"0502";"13667";"1009959";" ";1.210;499.00;209.82;90.60;8. 11. 2023;21
"0502";"13667";"7210504";" ";2.000;270.00;111.25;135.00;8. 11. 2023;21
"0502";"13660";"     52";" ";1.000;990.00;0.00;0.00;8. 11. 2023;21
"0502";"13660";"     72";" ";1.000;-990.00;0.00;0.00;8. 11. 2023;21
"0502";"13666";"6005114";" ";6.400;819.00;145.90;786.20;8. 11. 2023;21
"0501";"13668";"7211104";" ";1.000;270.00;111.25;67.50;9. 11. 2023;21
"0501";"13668";"7211102";" ";1.000;167.00;56.42;41.75;9. 11. 2023;21
"0502";"13669";"7772625";" ";2.000;335.00;194.81;65.66;9. 11. 2023;21
"0502";"13669";"7211104";" ";1.000;270.00;111.25;67.50;9. 11. 2023;21
"0502";"13670";"1009959";" ";1.210;499.00;209.82;90.57;9. 11. 2023;21
"0502";"13671";"7772625";" ";1.000;335.00;194.81;32.83;9. 11. 2023;21
"0502";"13672";"7212904";" ";3.000;270.00;111.25;0.00;9. 11. 2023;21
"0502";"13673";"7909969";" ";3.000;1804.00;775.32;1786.00;9. 11. 2023;21
"0502";"13673";"7909968";" ";4.000;958.00;411.67;1264.60;9. 11. 2023;21
"0502";"13674";"3573965";" ";0.720;899.00;357.14;97.10;9. 11. 2023;21
"0504";"13675";"5004804";" ";1.080;905.00;228.12;195.50;9. 11. 2023;21
"0506";"13676";"6005116";" ";1.600;859.00;262.19;0.00;9. 11. 2023;21
"0506";"13676";"6004201";"1";6.720;655.00;148.03;0.00;9. 11. 2023;21
"0506";"13676";"7211104";" ";1.000;270.00;111.25;0.00;9. 11. 2023;21
"0506";"13676";"7772625";" ";2.000;335.00;194.81;0.00;9. 11. 2023;21
"0506";"13676";"7202800";" ";1.000;269.00;115.41;0.00;9. 11. 2023;21
"0506";"13676";"7900101";" ";1.000;297.00;127.42;0.00;9. 11. 2023;21
"0520";" 1442";"2003359";"2";96.000;399.00;185.00;0.00;9. 11. 2023;21
"0201";"90256";"6000153";" ";11.000;122.00;54.86;0.00;9. 11. 2023;21
"0201";"90256";"6000185";" ";5.000;169.00;84.20;0.00;9. 11. 2023;21
"0201";"90256";"6000190";" ";10.000;166.00;82.39;0.00;9. 11. 2023;21
"0201";"90256";"6000261";" ";20.000;363.00;189.15;0.00;9. 11. 2023;21
"0201";"90256";"6000264";" ";10.000;385.00;200.50;0.00;9. 11. 2023;21
"0201";"90256";"6000269";" ";10.000;351.00;182.85;0.00;9. 11. 2023;21
"0201";"90256";"6000379";" ";10.000;94.00;52.21;0.00;9. 11. 2023;21
"0502";"13677";"6000042";" ";1.000;67.00;36.81;16.08;10. 11. 2023;21
"0502";"13677";"7202800";" ";1.000;269.00;115.41;67.25;10. 11. 2023;21
"0202";"90257";"5100974";" ";1.000;10090.00;5170.08;0.00;10. 11. 2023;21
"0202";"90257";"5101495";" ";1.000;5790.00;2966.77;0.00;10. 11. 2023;21
"0202";"90257";"5102185";" ";1.000;5090.00;2608.10;0.00;10. 11. 2023;21
"0501";"13678";"7772625";" ";5.000;335.00;194.81;164.15;13. 11. 2023;21
"0501";"13678";"7776525";" ";2.000;356.00;190.49;69.78;13. 11. 2023;21
"0202";"90258";"5101558";" ";1.000;590.00;302.31;0.00;10. 11. 2023;21
"0202";"90258";"5101561";" ";1.000;990.00;507.27;0.00;10. 11. 2023;21
"0202";"90258";"5101563";" ";1.000;1590.00;814.71;0.00;10. 11. 2023;21
"0202";"90258";"5100863";" ";1.000;1090.00;558.51;0.00;10. 11. 2023;21
"0202";"90258";"5101204";" ";1.000;1090.00;558.51;0.00;10. 11. 2023;21
"0202";"90258";"5101549";" ";1.000;6190.00;3171.73;0.00;10. 11. 2023;21
"0202";"90258";"5101589";" ";1.000;3890.00;1993.23;0.00;10. 11. 2023;21
"0202";"90258";"5101596";" ";1.000;540.00;276.69;0.00;10. 11. 2023;21
"0502";"13661";"5100863";" ";1.000;1090.00;558.51;327.00;30. 11. 2023;21
"0502";"13661";"5101204";" ";1.000;1090.00;558.51;327.00;30. 11. 2023;21
"0502";"13661";"5101549";" ";1.000;6190.00;3171.73;1857.00;30. 11. 2023;21
"0502";"13661";"5101589";" ";1.000;3890.00;1993.23;1167.00;30. 11. 2023;21
"0502";"13661";"5101596";" ";1.000;540.00;276.69;162.00;30. 11. 2023;21
"0502";"13661";"5101495";" ";1.000;5790.00;2966.77;1737.00;30. 11. 2023;21
"0502";"13661";"5100974";" ";1.000;10090.00;5170.08;3027.00;30. 11. 2023;21
"0502";"13666";"5102185";" ";1.000;5090.00;2608.10;1527.00;8. 11. 2023;21
"0501";"13679";"2003359";"5";6.400;399.00;204.78;383.00;10. 11. 2023;21
"0501";"13679";"6000153";" ";2.000;122.00;54.86;58.60;10. 11. 2023;21
"0501";"13679";"6000155";" ";1.000;145.00;65.16;34.80;10. 11. 2023;21
"0502";"13680";"5300586";" ";4.500;765.00;179.85;516.38;10. 11. 2023;21
"0502";"13680";"5300584";"2";3.000;765.00;181.21;344.25;10. 11. 2023;21
"0502";"13680";"5300598";"1";2.000;555.00;121.76;166.50;10. 11. 2023;21
"0502";"13680";"7210504";" ";2.000;270.00;111.25;135.00;10. 11. 2023;21
"0502";"13680";"7203500";" ";1.000;269.00;115.41;67.25;10. 11. 2023;21
"0502";"13680";"6000261";" ";2.000;363.00;189.15;72.60;10. 11. 2023;21
"0502";"13681";"6000261";" ";3.000;363.00;189.15;108.90;10. 11. 2023;21
"0502";"13681";"7909989";" ";1.000;314.00;134.87;78.50;10. 11. 2023;21
"0221";" 1443";"1005074";" ";11.000;557.00;279.92;0.00;10. 11. 2023;21
"0221";" 1443";"1002787";" ";21.800;587.00;236.60;0.00;10. 11. 2023;21
"0221";" 1443";"6003221";" ";24.000;615.00;206.40;0.00;10. 11. 2023;21
"0221";" 1443";"6001564";" ";6.000;419.00;147.11;0.00;10. 11. 2023;21
"0221";" 1443";"3573965";"1";0.720;899.00;357.14;0.00;10. 11. 2023;21
"0221";" 1443";"1005002";" ";2.000;557.00;279.92;0.00;10. 11. 2023;21
"0221";" 1443";"6005144";" ";17.920;735.00;254.70;0.00;10. 11. 2023;21
"0221";" 1443";"6004241";" ";20.160;655.00;210.52;0.00;10. 11. 2023;21
"0221";" 1443";"1008131";" ";11.880;741.00;277.49;0.00;10. 11. 2023;21
"0502";"13682";"1005074";" ";11.000;557.00;279.92;2450.80;10. 11. 2023;21
"0502";"13683";"1002787";" ";21.800;587.00;236.60;0.00;10. 11. 2023;21
"0502";"13666";"6003221";" ";24.000;615.00;206.40;2214.00;8. 11. 2023;21
"0502";"13684";"6001564";" ";6.000;419.00;147.11;879.90;10. 11. 2023;21
"0501";"13685";"6005144";" ";17.920;735.00;254.70;1975.70;21. 11. 2023;21
"0502";"13683";"7202100";" ";3.000;269.00;114.89;242.10;10. 11. 2023;21
"0502";"13683";"7202800";" ";3.000;269.00;115.41;242.10;10. 11. 2023;21
"0502";"13683";"7211104";" ";3.000;270.00;111.25;243.00;10. 11. 2023;21
"0221";" 1444";"4990393";" ";2.000;7190.00;3094.21;0.00;10. 11. 2023;21
"0221";" 1444";"4990396";" ";2.000;2050.00;880.99;0.00;10. 11. 2023;21
"0221";" 1444";"9995932";" ";1.000;10890.00;5407.42;0.00;10. 11. 2023;21
"0221";" 1444";"8002514";"1";1.000;990.00;792.88;0.00;10. 11. 2023;21
"0221";" 1444";"4990490";" ";1.000;1650.00;816.53;0.00;10. 11. 2023;21
"0221";" 1444";"4990276";" ";1.000;3050.00;1310.74;0.00;10. 11. 2023;21
"0221";" 1444";"4990250";" ";2.000;6690.00;2879.34;0.00;10. 11. 2023;21
"0221";" 1444";"4990641";" ";1.000;5990.00;2578.51;0.00;10. 11. 2023;21
"0221";" 1444";"5102725";" ";1.000;11490.00;4559.44;0.00;10. 11. 2023;21
"0221";" 1444";"5900018";" ";1.000;13331.00;5115.59;0.00;10. 11. 2023;21
"0221";" 1444";"5201856";" ";1.000;3470.00;1121.95;0.00;10. 11. 2023;21
"0221";" 1444";"4990679";" ";1.000;3050.00;1310.74;0.00;10. 11. 2023;21
"0221";" 1444";"4990659";" ";1.000;2090.00;902.48;0.00;10. 11. 2023;21
"0221";" 1444";"4990354";" ";1.000;10390.00;4469.42;0.00;10. 11. 2023;21
"0221";" 1444";"4990349";" ";1.000;6350.00;2728.92;0.00;10. 11. 2023;21
"0221";" 1444";"4990335";" ";1.000;6250.00;2685.95;0.00;10. 11. 2023;21
"0502";"13686";"2003328";"1";5.950;1145.00;402.62;1021.92;30. 11. 2023;21
"0502";"13686";"6004241";" ";20.160;655.00;210.52;1980.72;30. 11. 2023;21
"0502";"13661";"4990641";" ";1.000;5990.00;2578.51;1797.00;30. 11. 2023;21
"0502";"13661";"5102725";" ";1.000;11490.00;4559.44;3447.00;30. 11. 2023;21
"0502";"13661";"5900018";" ";1.000;13331.00;5115.59;3999.30;30. 11. 2023;21
"0502";"13661";"5201856";" ";1.000;3470.00;1121.95;1318.60;30. 11. 2023;21
"0501";"13687";"9995932";" ";1.000;10890.00;5407.42;2722.50;18. 11. 2023;21
"0501";"13688";"8002514";"1";1.000;990.00;792.88;0.00;15. 11. 2023;21
"0502";"13689";"4990490";" ";1.000;1650.00;816.53;412.50;10. 11. 2023;21
"0502";"13689";"4990276";" ";2.000;3050.00;1310.74;1525.00;10. 11. 2023;21
"0502";"13689";"4990250";" ";1.000;6690.00;2879.34;1672.50;10. 11. 2023;21
"0502";"13666";"4990679";" ";1.000;3050.00;1310.74;915.00;8. 11. 2023;21
"0502";"13666";"4990659";" ";1.000;2090.00;902.48;627.00;8. 11. 2023;21
"0502";"13666";"4990354";" ";1.000;10390.00;4469.42;3117.00;8. 11. 2023;21
"0502";"13666";"4990349";" ";1.000;6350.00;2728.92;1905.00;8. 11. 2023;21
"0502";"13690";"4990393";" ";2.000;7190.00;3094.21;4314.00;10. 11. 2023;21
"0502";"13690";"4990396";" ";2.000;2050.00;880.99;1230.00;10. 11. 2023;21
"0504";"13691";"     22";" ";1.000;1500.00;0.00;0.00;10. 11. 2023;21
"0506";"13692";"5101563";" ";1.000;1590.00;814.71;238.50;10. 11. 2023;21
"0506";"13692";"5101558";" ";1.000;590.00;302.31;88.50;10. 11. 2023;21
"0506";"13692";"5101561";" ";1.000;990.00;507.27;148.50;10. 11. 2023;21
"0502";"13693";"6000001";"1";3.000;70.00;38.82;0.00;10. 11. 2023;21
"0502";"13693";"7216504";" ";2.000;270.00;111.23;0.00;10. 11. 2023;21
"0502";"13693";"7772625";" ";4.000;335.00;194.81;0.00;10. 11. 2023;21
"0504";"13694";"1137151";" ";1.000;25.00;6.83;0.00;10. 11. 2023;21
"0506";"13695";"7218902";" ";1.000;167.00;56.31;0.00;10. 11. 2023;21
"0506";"13696";"1005002";" ";2.000;557.00;279.92;167.10;10. 11. 2023;21
"0502";"13697";"1500403";" ";1.000;1199.00;445.95;539.60;11. 11. 2023;21
"0502";"13697";"7772625";" ";2.000;335.00;194.81;65.70;11. 11. 2023;21
"0502";"13697";"7213502";" ";1.000;126.00;48.58;31.50;11. 11. 2023;21
"0202";"90259";"1500005";" ";1.000;6436.00;2393.55;0.00;11. 11. 2023;21
"0202";"90259";"1500042";" ";1.000;1614.00;600.30;0.00;11. 11. 2023;21
"0202";"90259";"1500181";" ";1.000;6436.00;2393.55;0.00;11. 11. 2023;21
"0202";"90259";"1500182";" ";1.000;6822.00;2537.10;0.00;11. 11. 2023;21
"0202";"90259";"1500288";" ";4.000;870.00;460.16;0.00;11. 11. 2023;21
"0202";"90259";"1500330";" ";3.000;543.00;287.36;0.00;11. 11. 2023;21
"0202";"90259";"1500334";" ";20.000;177.00;84.68;0.00;11. 11. 2023;21
"0202";"90259";"1500337";" ";1.000;488.00;233.74;0.00;11. 11. 2023;21
"0502";"13689";"1500334";" ";1.000;177.00;84.68;0.00;10. 11. 2023;21
"0502";"13689";"1500337";" ";1.000;488.00;233.74;0.00;10. 11. 2023;21
"0502";"13698";"2004061";" ";7.490;599.00;202.16;673.00;11. 11. 2023;21
"0502";"13698";"     24";" ";1.000;-1500.00;0.00;0.00;11. 11. 2023;21
"0506";"13699";"5301570";" ";1.350;845.00;248.44;0.00;13. 11. 2023;21
"0502";"13700";"7772625";" ";1.000;335.00;194.81;32.83;13. 11. 2023;21
"0502";"13684";"7212904";" ";5.000;270.00;111.25;405.00;10. 11. 2023;21
"0502";"13684";"5700080";" ";1.000;554.00;340.44;0.00;10. 11. 2023;21
"0520";" 1445";"6005688";" ";1.430;499.00;253.76;0.00;13. 11. 2023;21
"0502";"13701";"5302061";" ";17.280;699.00;188.41;4227.50;13. 11. 2023;21
"0202";"90260";"9991776";" ";3.000;580.00;297.19;0.00;13. 11. 2023;21
"0202";"90260";"9995613";" ";1.000;4430.00;2269.92;0.00;13. 11. 2023;21
"0202";"90260";"9996059";" ";2.000;9890.00;5067.60;0.00;13. 11. 2023;21
"0202";"90261";"9992310";" ";1.000;1610.00;824.96;0.00;13. 11. 2023;21
"0506";"13702";"4990335";" ";1.000;6250.00;2685.95;1562.50;13. 11. 2023;21
"0502";"13703";"9996059";" ";2.000;9890.00;5067.60;4945.00;13. 11. 2023;21
"0502";"13703";"9995613";" ";1.000;4430.00;2269.92;1107.50;13. 11. 2023;21
"0502";"13703";"9991776";" ";3.000;580.00;297.19;435.00;13. 11. 2023;21
"0502";"13666";"9992310";" ";1.000;1610.00;824.96;434.70;8. 11. 2023;21
"0506";"13704";"2004468";" ";2.000;299.00;180.00;0.00;13. 11. 2023;21
"0520";" 1446";"2003756";" ";12.000;899.00;194.98;0.00;13. 11. 2023;21
"0504";"13705";"7205200";" ";1.000;314.00;124.17;0.00;13. 11. 2023;21
"0502";"13706";"7772625";" ";2.000;335.00;194.81;65.70;13. 11. 2023;21
"0504";"13707";"2003357";" ";1.600;399.00;185.00;0.00;13. 11. 2023;21
"0502";"13708";"1302837";" ";1.000;1799.00;1011.20;359.80;13. 11. 2023;21
"0502";"13708";"1304023";" ";1.000;2199.00;1090.20;659.70;13. 11. 2023;21
"0502";"13708";"1304042";" ";1.000;479.00;269.30;95.80;13. 11. 2023;21
"0502";"13708";"1303414";" ";1.000;229.00;113.40;45.80;13. 11. 2023;21
"0506";"13709";"7202800";" ";1.000;269.00;115.41;0.00;13. 11. 2023;21
"0506";"13709";"7202100";" ";1.000;269.00;114.89;0.00;13. 11. 2023;21
"0506";"13710";"6000261";" ";6.000;363.00;189.15;0.00;13. 11. 2023;21
"0504";"13711";"1010235";" ";3.000;29.00;13.07;0.00;14. 11. 2023;21
"0502";"13712";"7776525";" ";4.000;356.00;190.49;139.55;14. 11. 2023;21
"0502";"13713";"6000261";" ";6.000;363.00;189.15;217.80;14. 11. 2023;21
"0502";"13714";"6000261";" ";3.000;363.00;189.15;108.90;14. 11. 2023;21
"0506";"13715";"1008131";" ";11.880;741.00;277.49;1320.50;14. 11. 2023;21
"0502";"13716";"     22";" ";1.000;1500.00;0.00;0.00;14. 11. 2023;21
"0220";" 1447";"7909990";" ";12.000;314.00;134.87;0.00;14. 11. 2023;21
"0502";"13717";"7909990";" ";12.000;314.00;134.80;1130.40;14. 11. 2023;21
"0520";" 1442";"3100001";"1";2.000;121.00;1.06;0.00;9. 11. 2023;21
"0502";"13718";"4000807";" ";30.240;299.00;130.42;1356.30;14. 11. 2023;21
"0502";"13718";"7213504";" ";3.000;204.00;84.09;153.00;14. 11. 2023;21
"0502";"13718";"6000161";" ";9.000;126.00;56.49;272.20;14. 11. 2023;21
"0502";"13719";"6000263";" ";1.000;457.00;238.33;45.70;14. 11. 2023;21
"0502";"13719";"6000261";" ";2.000;363.00;189.15;72.60;14. 11. 2023;21
"0502";"13719";"7211104";" ";4.000;270.00;111.25;270.00;14. 11. 2023;21
"0506";"13720";"6001593";"2";2.000;419.00;330.90;0.00;14. 11. 2023;21
"0506";"13721";"6000159";" ";5.000;105.00;47.26;0.00;14. 11. 2023;21
"0502";"13722";"5302057";" ";21.600;699.00;190.92;5284.40;14. 11. 2023;21
"0502";"13722";"6005414";" ";48.620;499.00;215.41;9704.60;14. 11. 2023;21
"0502";"13722";"3100000";"1";1.000;726.00;224.58;0.00;14. 11. 2023;21
"0502";"13722";"3100001";"3";1.000;121.00;0.00;0.00;14. 11. 2023;21
"0502";"13723";"6003727";"2";15.680;499.00;202.31;1173.65;14. 11. 2023;21
"0502";"13723";"1010203";"1";3.540;395.00;157.50;209.75;14. 11. 2023;21
"0502";"13723";"7772625";" ";3.000;335.00;194.81;98.49;14. 11. 2023;21
"0502";"13724";"5301991";" ";0.400;699.00;209.60;97.90;14. 11. 2023;21
"0502";"13725";"1500180";" ";1.000;6141.00;2283.75;2763.50;14. 11. 2023;21
"0502";"13725";"1500041";" ";1.000;1537.00;571.50;691.70;14. 11. 2023;21
"0735";"   99";"5301991";" ";21.600;699.00;209.60;0.00;14. 11. 2023;21
"0835";"  100";"5302057";" ";21.600;699.00;190.92;0.00;14. 11. 2023;21
"0501";"13726";"1303684";" ";1.000;3999.00;1983.00;799.80;14. 11. 2023;21
"0501";"13726";"1301070";" ";1.000;2399.00;999.00;719.70;14. 11. 2023;21
"0501";"13726";"1301071";" ";1.000;2399.00;1189.80;719.70;14. 11. 2023;21
"0501";"13726";"1500334";" ";1.000;177.00;84.68;35.40;14. 11. 2023;21
"0501";"13726";"7202800";" ";3.000;269.00;115.41;201.80;14. 11. 2023;21
"0501";"13726";"7211104";" ";2.000;270.00;111.25;135.00;14. 11. 2023;21
"0502";"13727";"7218002";" ";1.000;167.00;56.31;0.00;14. 11. 2023;21
"0502";"13727";"7217402";" ";1.000;167.00;56.32;0.00;14. 11. 2023;21
"0502";"13727";"3580536";" ";3.210;599.00;193.09;0.00;14. 11. 2023;21
"0506";"13728";"5700098";" ";1.000;2489.00;1417.50;0.00;14. 11. 2023;21
"0502";"13729";"6003131";" ";13.500;399.00;158.85;807.98;15. 11. 2023;21
"0502";"13729";"6003126";"1";3.990;469.00;177.79;280.70;15. 11. 2023;21
"0502";"13729";"6003133";" ";4.050;399.00;119.57;242.40;15. 11. 2023;21
"0502";"13730";"2004467";" ";34.000;299.00;180.00;0.00;15. 11. 2023;21
"0502";"13730";"     51";" ";1.000;590.00;0.00;0.00;15. 11. 2023;21
"0502";"13730";"     71";" ";1.000;-590.00;0.00;0.00;15. 11. 2023;21
"0504";"13731";"7204800";" ";1.000;314.00;134.53;0.00;15. 11. 2023;21
"0202";"90262";"1301870";" ";5.000;198.00;98.40;0.00;15. 11. 2023;21
"0202";"90262";"1302881";" ";1.000;829.00;465.80;0.00;15. 11. 2023;21
"0202";"90262";"1303205";" ";1.000;479.00;269.30;0.00;15. 11. 2023;21
"0202";"90262";"1303734";" ";1.000;7999.00;3966.60;0.00;15. 11. 2023;21
"0202";"90262";"1302835";" ";1.000;1049.00;561.70;0.00;15. 11. 2023;21
"0502";"13666";"1302881";" ";1.000;829.00;465.80;165.80;8. 11. 2023;21
"0502";"13666";"1303734";" ";1.000;7999.00;3966.60;1599.80;8. 11. 2023;21
"0506";"13732";"4000807";" ";1.440;299.00;130.42;0.00;15. 11. 2023;21
"0502";"13733";"7901625";" ";14.000;379.00;227.54;902.00;15. 11. 2023;21
"0506";"13734";"1010235";" ";20.000;29.00;13.07;0.00;15. 11. 2023;21
"0202";"90263";"7909990";" ";6.000;314.00;134.87;0.00;15. 11. 2023;21
"0202";"90263";"7218004";" ";4.000;270.00;111.25;0.00;15. 11. 2023;21
"0202";"90263";"7213504";" ";40.000;204.00;84.10;0.00;15. 11. 2023;21
"0202";"90263";"7909968";" ";2.000;958.00;411.84;0.00;15. 11. 2023;21
"0202";"90263";"7000326";"1";1.000;2837.00;1219.14;0.00;15. 11. 2023;21
"0202";"90263";"3100000";"5";1.000;726.00;600.00;0.00;15. 11. 2023;21
"0502";"13735";"7776525";" ";6.000;356.00;190.49;0.00;15. 11. 2023;21
"0506";"13736";"1303205";" ";1.000;479.00;269.30;71.90;15. 11. 2023;21
"0501";"13737";"6003505";" ";18.000;699.00;205.51;1887.30;16. 11. 2023;21
"0501";"13737";"6003509";"1";9.630;875.00;319.12;1263.90;16. 11. 2023;21
"0501";"13737";"7211104";" ";2.000;270.00;111.25;0.00;16. 11. 2023;21
"0501";"13737";"7202800";" ";2.000;269.00;115.41;0.00;16. 11. 2023;21
"0506";"13738";"7000326";"1";1.000;2837.00;1219.14;0.00;15. 11. 2023;21
"0220";" 1449";"6003503";"1";5.720;1059.00;303.72;0.00;15. 11. 2023;21
"0220";" 1449";"6003508";"2";9.630;875.00;260.71;0.00;15. 11. 2023;21
"0220";" 1449";"6003505";" ";8.000;699.00;210.49;0.00;15. 11. 2023;21
"0501";"13737";"6003503";"1";5.720;1059.00;303.72;908.60;16. 11. 2023;21
"0501";"13737";"6003508";"2";9.630;875.00;260.71;1263.90;16. 11. 2023;21
"0502";"13739";"1009959";" ";4.840;499.00;209.82;362.28;15. 11. 2023;21
"0502";"13740";"7210104";" ";2.000;216.00;88.23;108.00;15. 11. 2023;21
"0502";"13740";"7202100";" ";2.000;269.00;114.89;134.50;15. 11. 2023;21
"0506";"13741";"5301516";" ";3.690;925.00;218.88;0.00;15. 11. 2023;21
"0506";"13741";"7212902";" ";1.000;167.00;61.17;0.00;15. 11. 2023;21
"0502";"13742";"4002689";" ";6.400;399.00;179.00;383.00;15. 11. 2023;21
"0502";"13742";"7220102";" ";1.000;167.00;56.31;41.80;15. 11. 2023;21
"0502";"13743";"7211104";" ";1.000;270.00;111.25;81.00;16. 11. 2023;21
"0301";"   39";"3000153";" ";41.760;-20.00;519.00;0.00;16. 11. 2023;21
"0301";"   39";"3000153";"1";0.000;-20.00;519.00;0.00;16. 11. 2023;21
"0301";"   39";"3000153";"2";10.080;-20.00;519.00;0.00;16. 11. 2023;21
"0301";"   39";"3000154";" ";0.000;-20.00;519.00;0.00;16. 11. 2023;21
"0301";"   39";"3000154";"1";61.920;-20.00;519.00;0.00;16. 11. 2023;21
"0301";"   39";"3000154";"2";0.000;-20.00;519.00;0.00;16. 11. 2023;21
"0301";"   39";"3146312";" ";0.000;-670.00;969.00;0.00;16. 11. 2023;21
"0301";"   39";"3146916";" ";0.000;-670.00;969.00;0.00;16. 11. 2023;21
"0301";"   39";"3148002";" ";0.000;-320.00;1019.00;0.00;16. 11. 2023;21
"0301";"   39";"3148033";" ";0.000;-296.00;995.00;0.00;16. 11. 2023;21
"0301";"   39";"3148064";" ";0.000;-296.00;995.00;0.00;16. 11. 2023;21
"0301";"   39";"3148095";" ";0.000;-296.00;995.00;0.00;16. 11. 2023;21
"0301";"   39";"3148248";" ";0.000;-250.00;869.00;0.00;16. 11. 2023;21
"0301";"   39";"3148279";" ";0.000;-250.00;869.00;0.00;16. 11. 2023;21
"0301";"   39";"3148323";" ";0.000;-250.00;869.00;0.00;16. 11. 2023;21
"0301";"   39";"3148330";" ";0.000;-250.00;869.00;0.00;16. 11. 2023;21
"0301";"   39";"3508936";" ";0.000;-130.00;699.00;0.00;16. 11. 2023;21
"0301";"   39";"3508967";" ";1.430;-130.00;699.00;0.00;16. 11. 2023;21
"0301";"   39";"3508967";"1";0.000;-130.00;699.00;0.00;16. 11. 2023;21
"0301";"   39";"3573903";" ";0.000;-1130.00;2029.00;0.00;16. 11. 2023;21
"0301";"   39";"3573941";" ";0.000;-1130.00;2029.00;0.00;16. 11. 2023;21
"0301";"   39";"3576348";" ";0.000;-356.00;1115.00;0.00;16. 11. 2023;21
"0301";"   39";"3576362";" ";0.000;-356.00;1115.00;0.00;16. 11. 2023;21
"0301";"   39";"3576386";" ";0.000;-350.00;999.00;0.00;16. 11. 2023;21
"0301";"   39";"3576409";" ";0.000;-276.00;925.00;0.00;16. 11. 2023;21
"0301";"   39";"3576423";" ";0.000;-276.00;925.00;0.00;16. 11. 2023;21
"0301";"   39";"3576447";" ";0.000;-240.00;889.00;0.00;16. 11. 2023;21
"0301";"   39";"3577970";" ";0.000;-1130.00;2029.00;0.00;16. 11. 2023;21
"0301";"   39";"3579929";" ";85.600;20.00;479.00;0.00;16. 11. 2023;21
"0301";"   39";"3579943";" ";69.550;20.00;479.00;0.00;16. 11. 2023;21
"0301";"   39";"3580000";" ";83.460;20.00;479.00;0.00;16. 11. 2023;21
"0301";"   39";"3580024";" ";40.660;20.00;479.00;0.00;16. 11. 2023;21
"0301";"   39";"3580536";" ";42.700;-100.00;599.00;0.00;16. 11. 2023;21
"0301";"   39";"3580550";" ";5.350;-100.00;599.00;0.00;16. 11. 2023;21
"0301";"   39";"3580550";"1";37.450;-100.00;599.00;0.00;16. 11. 2023;21
"0301";"   39";"3580550";"2";50.050;-100.00;599.00;0.00;16. 11. 2023;21
"0301";"   39";"3580574";" ";2.140;-100.00;599.00;0.00;16. 11. 2023;21
"0301";"   39";"3580574";"1";67.410;-100.00;599.00;0.00;16. 11. 2023;21
"0301";"   39";"3580598";" ";83.460;-100.00;599.00;0.00;16. 11. 2023;21
"0301";"   39";"3581465";" ";0.000;-240.00;889.00;0.00;16. 11. 2023;21
"0301";"   39";"3581502";" ";0.000;-276.00;925.00;0.00;16. 11. 2023;21
"0301";"   39";"3581540";" ";0.000;-240.00;889.00;0.00;16. 11. 2023;21
"0301";"   39";"3581564";" ";0.000;-240.00;889.00;0.00;16. 11. 2023;21
"0301";"   39";"3581601";" ";0.000;-296.00;945.00;0.00;16. 11. 2023;21
"0301";"   39";"3581625";" ";0.000;-240.00;889.00;0.00;16. 11. 2023;21
"0301";"   39";"3581861";" ";0.000;-276.00;925.00;0.00;16. 11. 2023;21
"0301";"   39";"3581885";" ";0.000;-276.00;925.00;0.00;16. 11. 2023;21
"0301";"   39";"3581946";" ";0.000;-356.00;1115.00;0.00;16. 11. 2023;21
"0301";"   39";"3581960";" ";0.000;-220.00;979.00;0.00;16. 11. 2023;21
"0301";"   39";"3581984";" ";0.000;-356.00;1115.00;0.00;16. 11. 2023;21
"0301";"   39";"3582004";" ";0.000;-356.00;1115.00;0.00;16. 11. 2023;21
"0520";" 1450";"9293810";" ";1.000;2270.00;1163.14;0.00;16. 11. 2023;21
"0502";"13744";"7202800";" ";3.000;269.00;115.41;242.10;16. 11. 2023;21
"0504";"13745";"5800024";" ";5.000;254.00;151.26;127.00;16. 11. 2023;21
"0504";"13746";"7772625";" ";2.000;335.00;194.81;0.00;16. 11. 2023;21
"0502";"13747";"7216504";" ";4.000;270.00;111.23;270.00;16. 11. 2023;21
"0504";"13748";"7203500";" ";3.000;269.00;115.41;0.00;16. 11. 2023;21
"0502";"13749";"6002674";" ";36.450;399.00;172.85;2181.54;16. 11. 2023;21
"0502";"13749";"6002675";"1";5.400;399.00;173.72;323.19;16. 11. 2023;21
"0502";"13749";"6002670";" ";13.300;469.00;199.17;935.66;16. 11. 2023;21
"0502";"13749";"     49";" ";1.000;290.00;0.00;0.00;16. 11. 2023;21
"0502";"13749";"     70";" ";1.000;-290.00;0.00;0.00;16. 11. 2023;21
"0502";"13750";"3100000";"5";1.000;726.00;600.00;0.00;16. 11. 2023;21
"0502";"13751";"7654321";" ";48.000;156.00;90.26;1273.00;16. 11. 2023;21
"0502";"13751";"5800024";" ";42.000;254.00;151.26;1706.90;16. 11. 2023;21
"0502";"13751";"     51";" ";1.000;590.00;0.00;0.00;16. 11. 2023;21
"0502";"13751";"     71";" ";1.000;-590.00;0.00;0.00;16. 11. 2023;21
"0220";" 1451";"2003359";"3";96.000;399.00;185.00;0.00;16. 11. 2023;21
"0220";" 1451";"3100001";"1";2.000;121.00;1.06;0.00;16. 11. 2023;21
"0402";"43722";"3100000";"1";1.000;726.00;224.58;0.00;16. 11. 2023;21
"0402";"43722";"3100001";"3";1.000;121.00;0.00;0.00;16. 11. 2023;21
"0504";"13752";"6002674";" ";1.350;399.00;172.85;0.00;16. 11. 2023;21
"0502";"13753";"7772625";" ";2.000;335.00;194.81;65.70;16. 11. 2023;21
"0221";" 1452";"5301829";" ";18.900;845.00;200.19;0.00;16. 11. 2023;21
"0221";" 1452";"6003750";" ";3.600;499.00;210.16;0.00;16. 11. 2023;21
"0221";" 1452";"6003756";" ";4.480;499.00;201.02;0.00;16. 11. 2023;21
"0221";" 1452";"6003758";" ";5.600;499.00;204.50;0.00;16. 11. 2023;21
"0221";" 1452";"6004389";" ";5.350;875.00;290.72;0.00;16. 11. 2023;21
"0221";" 1452";"5301300";" ";1.080;815.00;191.28;0.00;16. 11. 2023;21
"0221";" 1452";"4002680";" ";1.410;799.00;246.06;0.00;16. 11. 2023;21
"0221";" 1452";"6004697";" ";1.070;875.00;284.74;0.00;16. 11. 2023;21
"0221";" 1452";"6001555";" ";3.000;439.00;163.05;0.00;16. 11. 2023;21
"0221";" 1452";"6005142";" ";12.000;639.00;216.57;0.00;16. 11. 2023;21
"0221";" 1452";"6004486";" ";8.190;859.00;291.17;0.00;16. 11. 2023;21
"0221";" 1452";"6003512";" ";2.860;1245.00;466.37;0.00;16. 11. 2023;21
"0221";" 1452";"1010226";" ";44.640;299.00;144.00;0.00;16. 11. 2023;21
"0221";" 1452";"6004237";" ";12.320;655.00;221.84;0.00;16. 11. 2023;21
"0221";" 1452";"6001986";" ";23.000;245.00;60.35;0.00;16. 11. 2023;21
"0221";" 1452";"6001986";" ";2.000;245.00;82.78;0.00;16. 11. 2023;21
"0221";" 1452";"6003758";" ";15.680;499.00;206.49;0.00;16. 11. 2023;21
"0221";" 1452";"1008932";" ";3.200;149.00;88.02;0.00;16. 11. 2023;21
"0221";" 1452";"4002654";" ";2.400;595.00;207.66;0.00;16. 11. 2023;21
"0221";" 1452";"1009667";" ";11.200;497.00;249.52;0.00;16. 11. 2023;21
"0221";" 1452";"1009962";" ";41.140;499.00;220.70;0.00;16. 11. 2023;21
"0201";"90264";"6000159";" ";15.000;105.00;47.26;0.00;16. 11. 2023;21
"0201";"90264";"6000161";" ";15.000;126.00;56.49;0.00;16. 11. 2023;21
"0502";"13717";"1010226";" ";44.640;299.00;144.00;2002.10;14. 11. 2023;21
"0502";"13754";"5301829";" ";18.900;845.00;200.19;0.00;16. 11. 2023;21
"0502";"13754";"     51";" ";1.000;590.00;0.00;0.00;16. 11. 2023;21
"0502";"13754";"     71";" ";1.000;-590.00;0.00;0.00;16. 11. 2023;21
"0502";"13755";"6003750";" ";3.600;499.00;210.16;269.46;16. 11. 2023;21
"0502";"13755";"6003756";" ";4.480;499.00;201.02;335.33;16. 11. 2023;21
"0502";"13755";"6003758";" ";21.280;499.00;205.97;1592.81;16. 11. 2023;21
"0502";"13727";"6004389";" ";5.350;875.00;290.72;0.00;14. 11. 2023;21
"0502";"13756";"5301300";" ";1.080;815.00;191.28;0.00;16. 11. 2023;21
"0501";"13685";"6005142";" ";12.000;639.00;216.57;1150.20;21. 11. 2023;21
"0501";"13685";"6004486";" ";8.190;859.00;291.17;1055.30;21. 11. 2023;21
"0502";"13757";"6001555";" ";3.000;439.00;163.05;0.00;16. 11. 2023;21
"0502";"13686";"6004237";" ";12.320;655.00;221.84;1210.44;30. 11. 2023;21
"0502";"13666";"6001986";" ";25.000;245.00;62.14;918.80;8. 11. 2023;21
"0502";"13758";"1008932";" ";3.200;149.00;88.02;0.00;18. 11. 2023;21
"0502";"13735";"1009667";" ";11.200;497.00;249.52;1558.60;15. 11. 2023;21
"0506";"13760";"5100874";" ";1.000;308.00;153.20;46.20;16. 11. 2023;21
"0506";"13760";"7204200";" ";1.000;269.00;115.30;0.00;16. 11. 2023;21
"0504";"13761";"4002654";" ";2.400;595.00;207.66;0.00;18. 11. 2023;21
"0504";"13761";"7217402";" ";1.000;167.00;56.32;0.00;18. 11. 2023;21
"0504";"13761";"7200700";" ";1.000;314.00;134.70;0.00;18. 11. 2023;21
"0502";"13762";"1009962";" ";21.780;499.00;220.70;0.00;18. 11. 2023;21
"0502";"13762";"     51";" ";1.000;590.00;0.00;0.00;18. 11. 2023;21
"0502";"13762";"     71";" ";1.000;-590.00;0.00;0.00;18. 11. 2023;21
"0506";"13763";"6004697";" ";1.070;875.00;284.74;0.00;18. 11. 2023;21
"0506";"13763";"6005417";" ";1.790;499.00;226.76;0.00;18. 11. 2023;21
"0506";"13764";"7772625";" ";1.000;335.00;194.81;0.00;18. 11. 2023;21
"0506";"13764";"7214102";" ";1.000;198.00;66.80;0.00;18. 11. 2023;21
"0502";"13637";"4002688";" ";19.200;399.00;179.00;1149.12;6. 11. 2023;21
"0502";"13637";"4002689";" ";16.000;399.00;179.00;957.60;6. 11. 2023;21
"0502";"13765";"5800024";" ";3.000;254.00;151.26;76.20;18. 11. 2023;21
"0502";"13766";"6003132";"3";10.800;399.00;150.33;646.38;20. 11. 2023;21
"0502";"13766";"6003126";"1";5.320;469.00;177.79;374.27;20. 11. 2023;21
"0502";"13766";"6003131";" ";2.700;399.00;158.85;161.60;20. 11. 2023;21
"0502";"13766";"6002674";" ";5.400;399.00;172.85;323.19;20. 11. 2023;21
"0502";"13766";"7211104";" ";2.000;270.00;111.25;135.00;20. 11. 2023;21
"0501";"13767";"6002674";" ";2.700;399.00;172.85;161.60;20. 11. 2023;21
"0501";"13767";"6002670";" ";1.330;469.00;199.17;93.60;20. 11. 2023;21
"0501";"13767";"7772625";" ";1.000;335.00;194.81;32.80;20. 11. 2023;21
"0501";"13767";"7210102";" ";1.000;132.00;50.65;33.00;20. 11. 2023;21
"0501";"13767";"6000153";" ";2.000;122.00;54.86;58.60;20. 11. 2023;21
"0501";"13767";"7202100";" ";1.000;269.00;114.89;67.30;20. 11. 2023;21
"0502";"13768";"5300586";" ";3.000;765.00;179.85;344.25;20. 11. 2023;21
"0502";"13768";"7210504";" ";1.000;270.00;111.25;67.50;20. 11. 2023;21
"0502";"13769";"3100000";"1";1.000;726.00;224.58;0.00;20. 11. 2023;21
"0502";"13770";"3100000";"1";1.000;726.00;224.58;0.00;20. 11. 2023;21
"0502";"13771";"7211104";" ";1.000;270.00;111.25;67.50;20. 11. 2023;21
"0502";"13771";"5700039";" ";1.000;131.00;81.00;0.00;20. 11. 2023;21
"0504";"13772";"4002680";" ";1.410;799.00;246.06;0.00;20. 11. 2023;21
"0502";"13773";"7211104";" ";2.000;270.00;111.25;162.00;20. 11. 2023;21
"0502";"13773";"7217404";" ";1.000;270.00;111.25;81.00;20. 11. 2023;21
"0502";"13773";"7202800";" ";2.000;269.00;115.41;161.40;20. 11. 2023;21
"0520";" 1453";"1008834";" ";8.640;799.00;252.47;0.00;20. 11. 2023;21
"0502";"13774";"7219802";" ";2.000;167.00;56.31;83.50;20. 11. 2023;21
"0502";"13775";"7204800";" ";1.000;314.00;134.53;78.50;20. 11. 2023;21
"0501";"13776";"6002674";" ";16.200;399.00;172.85;969.57;20. 11. 2023;21
"0501";"13776";"6002670";" ";3.990;469.00;199.17;280.70;20. 11. 2023;21
"0501";"13776";"6000153";" ";3.000;122.00;54.86;87.84;20. 11. 2023;21
"0506";"13777";"4002360";"2";2.000;555.00;185.97;0.00;20. 11. 2023;21
"0502";"13778";"3580550";"2";7.150;499.00;264.59;535.19;20. 11. 2023;21
"0502";"13779";"6003727";"2";3.360;499.00;202.31;251.50;20. 11. 2023;21
"0502";"13779";"1010229";" ";2.880;279.00;133.00;120.50;20. 11. 2023;21
"0504";"13780";"7203500";" ";1.000;269.00;115.41;0.00;20. 11. 2023;21
"0502";"13781";"4002688";" ";16.000;399.00;179.00;0.00;20. 11. 2023;21
"0502";"13781";"4002689";" ";6.400;399.00;179.00;0.00;20. 11. 2023;21
"0502";"13781";"1502849";" ";1.000;5821.00;2790.38;1746.30;20. 11. 2023;21
"0502";"13781";"4990035";" ";1.000;1890.00;853.79;472.50;20. 11. 2023;21
"0502";"13781";"4990199";" ";1.000;4990.00;2334.54;1247.50;20. 11. 2023;21
"0501";"13782";"2004467";" ";7.000;299.00;180.00;0.00;27. 11. 2023;21
"0502";"13783";"6000002";" ";12.000;73.00;40.16;210.24;21. 11. 2023;21
"0504";"13784";"2004082";" ";6.480;299.00;123.91;0.00;21. 11. 2023;21
"0504";"13784";"7214702";" ";1.000;198.00;66.79;0.00;21. 11. 2023;21
"0502";"13785";"7200200";" ";2.000;269.00;115.37;134.50;21. 11. 2023;21
"0502";"13786";"5301569";"3";1.350;845.00;199.50;171.12;21. 11. 2023;21
"0502";"13786";"5301569";"2";1.350;845.00;222.74;171.12;21. 11. 2023;21
"0502";"13787";"5301529";"1";2.700;859.00;201.91;0.00;21. 11. 2023;21
"0506";"13788";"     22";" ";1.000;1500.00;0.00;0.00;21. 11. 2023;21
"0502";"13787";"7902207";" ";1.000;1275.00;485.35;0.00;21. 11. 2023;21
"0502";"13787";"7202100";" ";1.000;269.00;114.89;0.00;21. 11. 2023;21
"0502";"13787";"7909987";" ";1.000;314.00;134.82;0.00;21. 11. 2023;21
"0502";"13789";"7213502";" ";1.000;126.00;48.58;0.00;21. 11. 2023;21
"0502";"13789";"7202600";" ";1.000;269.00;115.42;0.00;21. 11. 2023;21
"0502";"13789";"7201400";" ";1.000;314.00;134.87;0.00;21. 11. 2023;21
"0502";"13789";"6000269";" ";1.000;351.00;182.85;0.00;21. 11. 2023;21
"0502";"13790";"2003764";" ";3.750;699.00;245.81;393.20;21. 11. 2023;21
"0502";"13791";"1005110";" ";2.000;557.00;279.92;445.60;21. 11. 2023;21
"0221";" 1454";"4990333";" ";3.000;4690.00;2009.09;0.00;21. 11. 2023;21
"0221";" 1454";"4990686";" ";1.000;6190.00;2664.46;0.00;21. 11. 2023;21
"0221";" 1454";"4990198";" ";1.000;5190.00;2234.71;0.00;21. 11. 2023;21
"0221";" 1454";"4990335";" ";1.000;6250.00;2685.95;0.00;21. 11. 2023;21
"0221";" 1454";"4990281";" ";1.000;2850.00;1224.79;0.00;21. 11. 2023;21
"0221";" 1454";"4990276";" ";1.000;3050.00;1310.74;0.00;21. 11. 2023;21
"0502";"13698";"4002563";" ";16.770;1119.00;392.58;2814.80;11. 11. 2023;21
"0502";"13698";"4002553";" ";9.030;1119.00;392.58;1515.70;11. 11. 2023;21
"0502";"13698";"4002554";" ";17.000;1099.00;391.09;2802.50;11. 11. 2023;21
"0504";"13792";"7900105";" ";1.000;873.00;374.88;0.00;21. 11. 2023;21
"0221";" 1455";"5900906";" ";1.000;11320.00;5621.38;0.00;21. 11. 2023;21
"0221";" 1455";"5901203";" ";1.000;15736.00;5910.80;0.00;21. 11. 2023;21
"0221";" 1455";"5900578";" ";1.000;3988.00;1923.76;0.00;21. 11. 2023;21
"0221";" 1455";"5900593";" ";1.000;220.00;109.78;0.00;21. 11. 2023;21
"0221";" 1455";"5900605";" ";1.000;6793.00;3375.13;0.00;21. 11. 2023;21
"0221";" 1455";"5900626";" ";1.000;1649.00;816.30;0.00;21. 11. 2023;21
"0221";" 1455";"1303727";"1";1.000;790.00;1123.40;0.00;21. 11. 2023;21
"0502";"13698";"4002555";" ";5.000;625.00;230.30;468.80;11. 11. 2023;21
"0506";"13793";"4002690";"3";11.200;399.00;179.00;0.00;21. 11. 2023;21
"0502";"13735";"1009656";" ";6.400;799.00;401.46;1431.80;15. 11. 2023;21
"0502";"13794";"5900906";" ";1.000;11320.00;5621.38;3396.00;21. 11. 2023;21
"0502";"13698";"     51";" ";1.000;590.00;0.00;0.00;11. 11. 2023;21
"0502";"13698";"     71";" ";1.000;-590.00;0.00;0.00;11. 11. 2023;21
"0502";"13795";"5301755";" ";2.040;1050.00;168.75;321.30;21. 11. 2023;21
"0506";"13796";"6000001";"1";1.000;70.00;38.82;0.00;21. 11. 2023;21
"0502";"13666";"4990333";" ";1.000;4690.00;2009.09;1407.00;8. 11. 2023;21
"0502";"13666";"4990686";" ";1.000;6190.00;2664.46;1857.00;8. 11. 2023;21
"0502";"13797";"5901203";" ";1.000;15736.00;5910.80;0.00;21. 11. 2023;21
"0502";"13798";"4990198";" ";1.000;5190.00;2234.71;1297.50;21. 11. 2023;21
"0502";"13798";"1500288";" ";1.000;870.00;460.11;0.00;21. 11. 2023;21
"0502";"13798";"1500334";" ";1.000;177.00;84.68;0.00;21. 11. 2023;21
"0502";"13798";"1303848";" ";1.000;359.00;202.00;53.90;21. 11. 2023;21
"0502";"13797";"5900578";" ";1.000;3988.00;1923.76;598.20;21. 11. 2023;21
"0502";"13797";"5900626";" ";1.000;1649.00;816.30;247.40;21. 11. 2023;21
"0502";"13797";"5900593";" ";1.000;220.00;109.78;33.00;21. 11. 2023;21
"0502";"13797";"5900605";" ";1.000;6793.00;3375.13;1019.00;21. 11. 2023;21
"0502";"13798";"4990335";" ";1.000;6250.00;2685.95;1562.50;21. 11. 2023;21
"0502";"13798";"4990281";" ";1.000;2850.00;1224.79;712.50;21. 11. 2023;21
"0502";"13798";"4990276";" ";1.000;3050.00;1310.74;762.50;21. 11. 2023;21
"0502";"13698";"3100000";"1";1.000;726.00;224.58;0.00;11. 11. 2023;21
"0504";"13799";"7201400";" ";1.000;314.00;134.87;0.00;21. 11. 2023;21
"0501";"13800";"6002674";" ";1.350;399.00;172.85;80.80;21. 11. 2023;21
"0501";"13800";"7772625";" ";1.000;335.00;194.81;32.80;21. 11. 2023;21
"0502";"13801";"7213504";" ";1.000;204.00;84.09;0.00;22. 11. 2023;21
"0506";"13802";"7218304";" ";3.000;270.00;109.57;0.00;22. 11. 2023;21
"0506";"13802";"7909989";" ";6.000;314.00;134.87;0.00;22. 11. 2023;21
"0506";"13802";"5800024";" ";10.000;254.00;151.26;0.00;22. 11. 2023;21
"0506";"13802";"7900710";" ";3.000;930.00;399.44;0.00;22. 11. 2023;21
"0506";"13802";"7902214";" ";1.000;2316.00;881.86;0.00;22. 11. 2023;21
"0506";"13802";"6000041";" ";8.000;67.00;36.79;0.00;22. 11. 2023;21
"0506";"13802";"1137151";" ";2.000;25.00;6.83;0.00;22. 11. 2023;21
"0506";"13802";"7900105";" ";2.000;873.00;374.88;0.00;22. 11. 2023;21
"0502";"13803";"7909969";" ";4.000;1804.00;775.32;2381.30;22. 11. 2023;21
"0506";"13804";"5800004";" ";4.000;80.00;34.79;0.00;22. 11. 2023;21
"0506";"13804";"7210104";" ";2.000;216.00;88.23;0.00;22. 11. 2023;21
"0506";"13804";"7220102";" ";1.000;167.00;56.31;0.00;22. 11. 2023;21
"0506";"13804";"7202100";" ";2.000;269.00;114.89;0.00;22. 11. 2023;21
"0506";"13804";"7909988";" ";2.000;314.00;134.32;0.00;22. 11. 2023;21
"0506";"13805";"1303727";"1";1.000;790.00;1123.40;0.00;22. 11. 2023;21
"0502";"13806";"6000269";" ";2.000;351.00;182.85;70.20;22. 11. 2023;21
"0502";"13806";"7202100";" ";2.000;269.00;114.89;161.40;22. 11. 2023;21
"0502";"13806";"7202800";" ";4.000;269.00;115.41;322.80;22. 11. 2023;21
"0202";"90265";"1302581";" ";1.000;459.00;257.70;0.00;22. 11. 2023;21
"0202";"90265";"1302939";" ";1.000;10999.00;6181.20;0.00;22. 11. 2023;21
"0202";"90265";"1303416";" ";1.000;949.00;470.40;0.00;22. 11. 2023;21
"0202";"90265";"1303621";" ";1.000;599.00;297.00;0.00;22. 11. 2023;21
"0202";"90265";"1303685";" ";1.000;379.00;187.80;0.00;22. 11. 2023;21
"0202";"90265";"1303881";" ";1.000;1399.00;693.60;0.00;22. 11. 2023;21
"0202";"90265";"1304042";" ";1.000;479.00;269.30;0.00;22. 11. 2023;21
"0506";"13807";"2004468";" ";5.000;299.00;180.00;0.00;22. 11. 2023;21
"0502";"13781";"1302939";" ";1.000;10999.00;6181.20;2199.80;20. 11. 2023;21
"0502";"13781";"1303416";" ";1.000;949.00;470.40;189.80;20. 11. 2023;21
"0502";"13781";"1303621";" ";1.000;599.00;297.00;119.80;20. 11. 2023;21
"0502";"13781";"1303685";" ";1.000;379.00;187.80;75.80;20. 11. 2023;21
"0502";"13781";"1303881";" ";1.000;1399.00;693.60;279.80;20. 11. 2023;21
"0502";"13781";"1304042";" ";1.000;479.00;269.30;95.80;20. 11. 2023;21
"0504";"13808";"1003152";" ";5.000;466.00;157.72;349.50;22. 11. 2023;21
"0506";"13809";"1302581";" ";1.000;459.00;257.70;68.90;22. 11. 2023;21
"0502";"13810";"2003775";" ";1.250;749.00;262.76;0.00;22. 11. 2023;21
"0502";"13811";"7202800";" ";2.000;269.00;115.41;134.50;22. 11. 2023;21
"0506";"13812";"6000159";" ";2.000;105.00;47.26;0.00;22. 11. 2023;21
"0506";"13812";"5800002";" ";1.000;154.00;109.00;0.00;22. 11. 2023;21
"0501";"13813";"7202800";" ";2.000;269.00;115.41;134.50;22. 11. 2023;21
"0502";"13814";"5301993";" ";4.000;699.00;209.14;419.40;22. 11. 2023;21
"0502";"13815";"6003727";"2";3.360;499.00;202.31;251.49;22. 11. 2023;21
"0502";"13815";"7772625";" ";1.000;335.00;194.81;32.83;22. 11. 2023;21
"0506";"13816";"6000269";" ";3.000;351.00;182.85;0.00;22. 11. 2023;21
"0506";"13816";"6000261";" ";3.000;363.00;189.15;0.00;22. 11. 2023;21
"0502";"13803";"     49";" ";1.000;290.00;0.00;0.00;22. 11. 2023;21
"0502";"13803";"     70";" ";1.000;-290.00;0.00;0.00;22. 11. 2023;21
"0502";"13817";"5301569";" ";21.600;845.00;205.34;2737.80;22. 11. 2023;21
"0220";" 1456";"7901625";" ";20.000;379.00;227.29;0.00;23. 11. 2023;21
"0220";" 1456";"6000267";" ";1.000;330.00;209.28;0.00;23. 11. 2023;21
"0502";"13803";"7901625";" ";20.000;379.00;227.29;1288.60;22. 11. 2023;21
"0502";"13818";"5201869";" ";1.000;2382.00;1263.65;714.60;23. 11. 2023;21
"0502";"13819";"7211104";" ";2.000;270.00;111.25;135.00;23. 11. 2023;21
"0502";"13819";"7772625";" ";6.000;335.00;194.81;196.98;23. 11. 2023;21
"0502";"13819";"7202800";" ";2.000;269.00;115.41;134.50;23. 11. 2023;21
"0506";"13820";"1502849";" ";1.000;5821.00;2790.38;1455.30;23. 11. 2023;21
"0202";"90266";"7214704";" ";6.000;334.00;137.82;0.00;23. 11. 2023;21
"0504";"13821";"7210102";" ";1.000;132.00;50.65;0.00;23. 11. 2023;21
"0202";"90267";"1500003";" ";1.000;5752.00;2139.30;0.00;23. 11. 2023;21
"0202";"90267";"1500040";" ";1.000;1458.00;542.25;0.00;23. 11. 2023;21
"0502";"13781";"1500003";" ";1.000;5752.00;2139.30;2300.80;20. 11. 2023;21
"0502";"13781";"1500040";" ";1.000;1458.00;542.25;583.20;20. 11. 2023;21
"0502";"13822";"7654321";" ";6.000;156.00;90.26;91.70;23. 11. 2023;21
"0502";"13822";"7772625";" ";4.000;335.00;194.81;131.30;23. 11. 2023;21
"0506";"13823";"4002689";"1";1.600;399.00;179.00;0.00;23. 11. 2023;21
"0502";"13824";"7772625";" ";6.000;335.00;194.81;197.00;23. 11. 2023;21
"0502";"13825";"6001586";"1";10.000;419.00;138.10;1676.00;24. 11. 2023;21
"0506";"13826";"6000185";" ";1.000;169.00;84.20;0.00;24. 11. 2023;21
"0501";"13827";"7909989";" ";1.000;314.00;134.87;78.50;24. 11. 2023;21
"0502";"13828";"7202800";" ";5.000;269.00;115.41;336.25;24. 11. 2023;21
"0502";"13829";"7211104";" ";13.000;270.00;111.25;877.50;24. 11. 2023;21
"0502";"13829";"7213504";" ";19.000;204.00;84.09;969.00;24. 11. 2023;21
"0202";"90268";"5102183";" ";1.000;5390.00;2761.82;0.00;24. 11. 2023;21
"0502";"13781";"5102183";" ";1.000;5390.00;2761.82;1617.00;20. 11. 2023;21
"0502";"13830";"5800024";" ";10.000;254.00;151.26;406.40;24. 11. 2023;21
"0502";"13831";"7203500";" ";2.000;269.00;115.41;134.50;24. 11. 2023;21
"0502";"13831";"7210504";" ";1.000;270.00;111.25;67.50;24. 11. 2023;21
"0506";"13832";"7909990";" ";1.000;314.00;134.85;0.00;24. 11. 2023;21
"0506";"13833";"6000267";" ";1.000;330.00;209.28;0.00;24. 11. 2023;21
"0506";"13834";"5700036";" ";1.000;152.00;79.88;0.00;24. 11. 2023;21
"0221";" 1457";"5301862";" ";30.000;799.00;245.24;0.00;24. 11. 2023;21
"0221";" 1457";"6003368";" ";1.500;299.00;223.16;0.00;24. 11. 2023;21
"0221";" 1457";"6002147";" ";1.000;79.00;27.67;0.00;24. 11. 2023;21
"0221";" 1457";"6002147";" ";11.000;79.00;29.35;0.00;24. 11. 2023;21
"0221";" 1457";"6003526";" ";22.000;245.00;78.87;0.00;24. 11. 2023;21
"0221";" 1457";"6003525";" ";7.980;689.00;226.88;0.00;24. 11. 2023;21
"0221";" 1457";"1008346";" ";8.640;954.00;410.23;0.00;24. 11. 2023;21
"0221";" 1457";"2003740";" ";8.640;199.00;421.14;0.00;24. 11. 2023;21
"0221";" 1457";"2003424";" ";21.450;729.00;269.42;0.00;24. 11. 2023;21
"0221";" 1457";"6003529";" ";33.750;575.00;194.43;0.00;24. 11. 2023;21
"0221";" 1457";"1008794";" ";0.720;1632.00;559.10;0.00;24. 11. 2023;21
"0221";" 1457";"1008157";" ";27.200;497.00;223.26;0.00;24. 11. 2023;21
"0221";" 1457";"2004456";" ";15.000;299.00;175.00;0.00;24. 11. 2023;21
"0221";" 1457";"1008346";" ";1.080;954.00;410.23;0.00;24. 11. 2023;21
"0221";" 1457";"1008346";" ";43.200;954.00;410.23;0.00;24. 11. 2023;21
"0221";" 1457";"1008794";" ";21.600;1632.00;559.10;0.00;24. 11. 2023;21
"0502";"13835";"6003368";" ";1.500;299.00;223.16;0.00;24. 11. 2023;21
"0502";"13836";"6002147";" ";12.000;79.00;29.21;0.00;24. 11. 2023;21
"0502";"13837";"6003526";" ";22.000;245.00;78.87;808.50;24. 11. 2023;21
"0502";"13837";"6003525";" ";7.980;689.00;226.88;824.73;24. 11. 2023;21
"0502";"13837";"6003529";" ";33.750;575.00;194.43;2910.95;24. 11. 2023;21
"0502";"13837";"     52";" ";1.000;990.00;0.00;0.00;24. 11. 2023;21
"0502";"13837";"     72";" ";1.000;-990.00;0.00;0.00;24. 11. 2023;21
"0502";"13838";"1008346";" ";52.920;954.00;410.23;21204.00;24. 11. 2023;21
"0502";"13839";"2003740";" ";8.640;199.00;421.14;1209.64;24. 11. 2023;21
"0502";"13639";"2003424";" ";21.450;729.00;269.42;2345.60;6. 11. 2023;21
"0502";"13735";"1008794";" ";22.320;1632.00;559.10;5463.90;15. 11. 2023;21
"0502";"13735";"7214704";" ";6.000;334.00;137.82;0.00;15. 11. 2023;21
"0502";"13840";"1008157";" ";27.200;497.00;223.26;5407.40;24. 11. 2023;21
"0501";"13782";"2004456";" ";15.000;299.00;175.00;0.00;27. 11. 2023;21
"0504";"13841";"7900105";" ";2.000;873.00;374.88;0.00;24. 11. 2023;21
"0504";"13841";"5800024";" ";6.000;254.00;151.26;0.00;24. 11. 2023;21
"0502";"13842";"6003133";" ";1.350;399.00;119.57;80.81;24. 11. 2023;21
"0502";"13842";"6003132";"3";6.750;399.00;150.33;404.00;24. 11. 2023;21
"0502";"13842";"6003126";"1";1.330;469.00;177.79;93.57;24. 11. 2023;21
"0502";"13843";"     49";" ";1.000;290.00;0.00;0.00;24. 11. 2023;21
"0502";"13843";"     70";" ";1.000;-290.00;0.00;0.00;24. 11. 2023;21
"0502";"13843";"3100000";"1";2.000;726.00;224.58;0.00;24. 11. 2023;21
"0506";"13844";"7772625";" ";1.000;335.00;194.81;33.50;25. 11. 2023;21
"0501";"13845";"7204200";" ";1.000;269.00;115.30;67.30;25. 11. 2023;21
"0504";"13846";"5100874";" ";1.000;308.00;153.20;46.20;25. 11. 2023;21
"0504";"13846";"7200600";" ";1.000;314.00;134.80;0.00;25. 11. 2023;21
"0502";"13847";"5800024";" ";15.000;254.00;151.26;609.60;27. 11. 2023;21
"0504";"13848";"2700050";" ";1.000;318.00;213.27;0.00;27. 11. 2023;21
"0504";"13849";"7217402";" ";1.000;167.00;56.32;0.00;27. 11. 2023;21
"0504";"13850";"7217402";" ";1.000;167.00;56.32;0.00;27. 11. 2023;21
"0502";"13851";"7909968";" ";1.000;958.00;411.72;0.00;27. 11. 2023;21
"0502";"13851";"7902214";" ";2.000;2316.00;881.86;1389.60;27. 11. 2023;21
"0502";"13851";"7900710";" ";1.000;930.00;399.44;279.00;27. 11. 2023;21
"0502";"13851";"7772625";" ";7.000;335.00;194.81;229.81;27. 11. 2023;21
"0502";"13851";"5700054";" ";1.000;123.00;69.00;0.00;27. 11. 2023;21
"0502";"13852";"6002670";" ";3.990;469.00;199.17;280.70;27. 11. 2023;21
"0501";"13853";"6003386";" ";3.000;225.00;64.76;101.30;27. 11. 2023;21
"0501";"13853";"6000271";" ";5.000;421.00;219.41;210.50;27. 11. 2023;21
"0506";"13854";"1303414";" ";1.000;229.00;113.40;34.40;27. 11. 2023;21
"0504";"13855";"6002887";" ";10.000;115.00;30.69;0.00;27. 11. 2023;21
"0504";"13855";"6002674";" ";10.800;399.00;172.85;0.00;27. 11. 2023;21
"0504";"13855";"7772625";" ";5.000;335.00;194.81;0.00;27. 11. 2023;21
"0504";"13855";"7216502";" ";1.000;167.00;56.33;0.00;27. 11. 2023;21
"0504";"13855";"1137152";" ";1.000;25.00;6.82;0.00;27. 11. 2023;21
"0502";"13666";"5900584";" ";1.000;4089.00;1544.43;1022.30;8. 11. 2023;21
"0502";"13666";"     51";" ";1.000;590.00;0.00;0.00;8. 11. 2023;21
"0502";"13666";"     71";" ";1.000;-590.00;0.00;0.00;8. 11. 2023;21
"0506";"13856";"5302091";" ";5.000;399.00;171.36;0.00;27. 11. 2023;21
"0502";"13639";"     49";" ";1.000;290.00;0.00;0.00;6. 11. 2023;21
"0502";"13639";"     70";" ";1.000;-290.00;0.00;0.00;6. 11. 2023;21
"0502";"13639";"3100000";"1";2.000;726.00;224.58;0.00;6. 11. 2023;21
"0221";" 1458";"5102777";" ";2.000;3990.00;1855.79;0.00;27. 11. 2023;21
"0221";" 1458";"4990860";" ";1.000;4250.00;1804.96;0.00;27. 11. 2023;21
"0221";" 1458";"4990755";" ";1.000;4190.00;1804.96;0.00;27. 11. 2023;21
"0221";" 1458";"6400014";" ";1.000;3990.00;1855.00;0.00;27. 11. 2023;21
"0221";" 1458";"9995927";" ";1.000;10890.00;5254.56;0.00;27. 11. 2023;21
"0221";" 1458";"4990276";" ";1.000;3050.00;1310.74;0.00;27. 11. 2023;21
"0221";" 1458";"5202016";" ";1.000;8879.00;4292.73;0.00;27. 11. 2023;21
"0221";" 1458";"1502849";" ";2.000;5821.00;2790.38;0.00;27. 11. 2023;21
"0221";" 1458";"4080280";" ";1.000;3550.00;1324.54;0.00;27. 11. 2023;21
"0221";" 1458";"5100743";" ";1.000;990.00;513.19;0.00;27. 11. 2023;21
"0502";"13781";"4990860";" ";1.000;4250.00;1804.96;1062.50;20. 11. 2023;21
"0502";"13781";"4990755";" ";1.000;4190.00;1804.96;1047.50;20. 11. 2023;21
"0502";"13781";"     24";" ";1.000;-1500.00;0.00;0.00;20. 11. 2023;21
"0502";"13858";"9995927";" ";1.000;10890.00;5254.56;1633.50;27. 11. 2023;21
"0506";"13859";"2003455";"1";2.500;789.00;371.95;0.00;27. 11. 2023;21
"0506";"13859";"4002359";" ";1.000;549.00;280.09;0.00;27. 11. 2023;21
"0502";"13661";"5202016";" ";1.000;8879.00;4292.73;3374.00;30. 11. 2023;21
"0501";"13860";"4080280";" ";1.000;3550.00;1324.54;887.50;28. 11. 2023;21
"0521";" 1459";"6005114";" ";6.400;819.00;145.90;0.00;27. 11. 2023;21
"0504";"13862";"     22";" ";1.000;1500.00;0.00;0.00;27. 11. 2023;21
"0502";"13863";"4002359";":";12.000;549.00;185.96;0.00;27. 11. 2023;21
"0504";"13864";"7216502";" ";2.000;167.00;56.33;0.00;27. 11. 2023;21
"0504";"13864";"7200200";" ";1.000;269.00;115.37;0.00;27. 11. 2023;21
"0504";"13865";"7201000";" ";1.000;269.00;115.16;0.00;27. 11. 2023;21
"0504";"13866";"1502846";" ";1.000;5675.00;2565.92;1418.80;27. 11. 2023;21
"0504";"13866";"4990392";" ";1.000;5590.00;2401.87;1397.50;27. 11. 2023;21
"0504";"13866";"4002688";" ";8.000;399.00;179.00;0.00;27. 11. 2023;21
"0504";"13866";"4002689";" ";8.000;399.00;179.00;0.00;27. 11. 2023;21
"0504";"13866";"4990333";" ";1.000;4690.00;2009.09;1172.50;27. 11. 2023;21
"0520";" 1460";"1000989";"2";15.000;299.00;127.34;0.00;27. 11. 2023;21
"0502";"13867";"6002674";" ";5.400;399.00;172.85;323.20;28. 11. 2023;21
"0502";"13868";"7902214";" ";1.000;2316.00;881.86;579.00;28. 11. 2023;21
"0502";"13869";"7218602";" ";1.000;167.00;56.32;41.80;28. 11. 2023;21
"0502";"13870";"3151514";" ";7.100;699.00;302.67;744.40;28. 11. 2023;21
"0506";"13871";"5302091";" ";2.000;399.00;171.36;0.00;28. 11. 2023;21
"0504";"13872";"2004467";" ";7.000;299.00;180.00;0.00;28. 11. 2023;21
"0504";"13872";"1137151";" ";1.000;25.00;6.83;0.00;28. 11. 2023;21
"0502";"13867";"     53";" ";1.000;990.00;0.00;0.00;28. 11. 2023;21
"0221";" 1461";"4980039";" ";2.000;699.00;300.83;0.00;28. 11. 2023;21
"0221";" 1461";"4110021";" ";2.000;1950.00;1093.33;0.00;28. 11. 2023;21
"0221";" 1461";"6400017";" ";1.000;13990.00;7550.00;0.00;28. 11. 2023;21
"0221";" 1461";"4990276";" ";1.000;3050.00;1310.74;0.00;28. 11. 2023;21
"0221";" 1461";"6300064";" ";1.000;9255.00;3897.93;0.00;28. 11. 2023;21
"0221";" 1461";"6300067";" ";1.000;2378.00;1001.36;0.00;28. 11. 2023;21
"0502";"13873";"6400017";" ";1.000;13990.00;7550.00;2098.50;28. 11. 2023;21
"0502";"13874";"4990276";" ";1.000;3050.00;1310.74;762.50;28. 11. 2023;21
"0504";"13875";"7201400";" ";1.000;314.00;134.87;0.00;28. 11. 2023;21
"0502";"13876";"6300064";" ";1.000;9255.00;3897.93;1851.00;28. 11. 2023;21
"0502";"13876";"6300067";" ";1.000;2378.00;1001.36;475.60;28. 11. 2023;21
"0504";"13877";"     51";" ";1.000;590.00;0.00;0.00;28. 11. 2023;21
"0504";"13877";"     71";" ";1.000;-590.00;0.00;0.00;28. 11. 2023;21
"0504";"13878";"1010205";"1";2.360;395.00;156.41;0.00;28. 11. 2023;21
"0502";"13879";"7217404";" ";1.000;270.00;111.25;67.50;28. 11. 2023;21
"0506";"13880";"6002887";" ";20.000;115.00;30.69;0.00;28. 11. 2023;21
"0506";"13880";"7902207";" ";1.000;1275.00;485.35;0.00;28. 11. 2023;21
"0506";"13881";"1000989";"2";1.500;299.00;127.34;0.00;28. 11. 2023;21
"0502";"13882";"7772625";" ";1.000;335.00;194.81;32.80;28. 11. 2023;21
"0502";"13883";"6003133";" ";1.350;399.00;119.57;80.81;28. 11. 2023;21
"0502";"13884";"5800024";" ";13.000;254.00;151.26;528.30;28. 11. 2023;21
"0504";"13885";"7218604";" ";1.000;270.00;111.24;0.00;28. 11. 2023;21
"0504";"13886";"4000837";" ";10.080;299.00;130.22;0.00;28. 11. 2023;21
"0504";"13887";"4002689";" ";6.400;399.00;179.00;0.00;28. 11. 2023;21
"0504";"13887";"4002688";" ";14.400;399.00;179.00;0.00;28. 11. 2023;21
"0504";"13887";"7218302";" ";1.000;167.00;56.58;0.00;28. 11. 2023;21
"0504";"13887";"7218604";" ";1.000;270.00;111.24;0.00;28. 11. 2023;21
"0504";"13887";"6000153";" ";2.000;122.00;54.86;0.00;28. 11. 2023;21
"0504";"13887";"7900710";" ";1.000;930.00;399.44;0.00;28. 11. 2023;21
"0504";"13887";"7902207";" ";1.000;1275.00;485.35;0.00;28. 11. 2023;21
"0221";" 1462";"1008368";" ";1.000;587.00;264.00;0.00;29. 11. 2023;21
"0221";" 1462";"6003632";" ";25.740;299.00;331.43;0.00;29. 11. 2023;21
"0221";" 1462";"1008931";" ";22.400;149.00;90.69;0.00;29. 11. 2023;21
"0221";" 1462";"2004467";" ";44.000;299.00;180.00;0.00;29. 11. 2023;21
"0221";" 1462";"6004400";" ";20.160;655.00;212.40;0.00;29. 11. 2023;21
"0221";" 1462";"6003377";" ";6.750;399.00;176.42;0.00;29. 11. 2023;21
"0221";" 1462";"5004924";" ";18.360;1119.00;372.48;0.00;29. 11. 2023;21
"0221";" 1462";"5300424";" ";1.000;605.00;138.63;0.00;29. 11. 2023;21
"0221";" 1462";"6005094";" ";27.170;1475.00;504.24;0.00;29. 11. 2023;21
"0221";" 1462";"1008362";" ";122.000;314.00;124.42;0.00;29. 11. 2023;21
"0221";" 1462";"6003632";" ";1.430;299.00;331.43;0.00;29. 11. 2023;21
"0221";" 1462";"6004398";" ";11.200;655.00;223.72;0.00;29. 11. 2023;21
"0221";" 1462";"6003627";" ";32.100;299.00;251.44;0.00;29. 11. 2023;21
"0221";" 1462";"1008368";" ";107.000;587.00;264.00;0.00;29. 11. 2023;21
"0221";" 1462";"1008207";" ";41.040;741.00;332.98;0.00;29. 11. 2023;21
"0221";" 1462";"5800024";" ";42.000;254.00;152.60;0.00;29. 11. 2023;21
"0221";" 1462";"5800024";" ";42.000;254.00;152.60;0.00;29. 11. 2023;21
"0221";" 1462";"6003632";" ";34.320;299.00;331.43;0.00;29. 11. 2023;21
"0221";" 1462";"6003632";" ";34.320;299.00;331.43;0.00;29. 11. 2023;21
"0221";" 1462";"6003632";" ";34.320;299.00;331.43;0.00;29. 11. 2023;21
"0221";" 1462";"6003627";" ";42.800;299.00;251.44;0.00;29. 11. 2023;21
"0221";" 1462";"6004398";" ";44.800;655.00;223.72;0.00;29. 11. 2023;21
"0221";" 1462";"6004398";" ";44.800;655.00;223.72;0.00;29. 11. 2023;21
"0502";"13838";"1008368";" ";108.000;587.00;264.00;26626.30;24. 11. 2023;21
"0502";"13838";"1008362";" ";122.000;314.00;124.42;16089.40;24. 11. 2023;21
"0502";"13838";"1008207";" ";41.040;741.00;332.98;12772.50;24. 11. 2023;21
"0502";"13838";"     51";" ";1.000;590.00;0.00;0.00;24. 11. 2023;21
"0502";"13838";"     71";" ";1.000;-590.00;0.00;0.00;24. 11. 2023;21
"0502";"13798";"1008931";" ";22.400;149.00;90.69;0.00;21. 11. 2023;21
"0502";"13798";"     51";" ";1.000;590.00;0.00;0.00;21. 11. 2023;21
"0502";"13798";"     71";" ";1.000;-590.00;0.00;0.00;21. 11. 2023;21
"0502";"13888";"6004398";" ";100.800;655.00;223.71;9903.60;29. 11. 2023;21
"0502";"13888";"6004400";" ";20.160;655.00;212.40;1980.70;29. 11. 2023;21
"0502";"13888";"5800024";" ";42.000;254.00;152.60;1706.90;29. 11. 2023;21
"0502";"13888";"     49";" ";1.000;290.00;0.00;0.00;29. 11. 2023;21
"0502";"13888";"     70";" ";1.000;-290.00;0.00;0.00;29. 11. 2023;21
"0502";"13889";"6003377";" ";6.750;399.00;176.42;0.00;29. 11. 2023;21
"0504";"13890";"6002674";" ";2.700;399.00;172.85;0.00;29. 11. 2023;21
"0502";"13891";"3100000";"1";4.000;726.00;224.58;0.00;29. 11. 2023;21
"0502";"13892";"6005094";" ";27.170;1475.00;504.24;9013.80;29. 11. 2023;21
"0502";"13893";"7200600";" ";1.000;314.00;134.80;78.50;29. 11. 2023;21
"0502";"13894";"1500334";" ";1.000;177.00;84.68;35.40;29. 11. 2023;21
"0502";"13894";"1303848";" ";1.000;359.00;202.00;71.80;29. 11. 2023;21
"0502";"13894";"4990391";" ";1.000;5250.00;2243.64;1575.00;29. 11. 2023;21
"0502";"13894";"1502846";" ";1.000;5675.00;2565.92;1702.50;29. 11. 2023;21
"0502";"13894";"1302835";" ";1.000;1049.00;561.70;209.80;29. 11. 2023;21
"0202";"90269";"7000328";" ";6.000;2837.00;1219.25;0.00;29. 11. 2023;21
"0202";"90269";"7000385";" ";3.000;1371.00;543.75;0.00;29. 11. 2023;21
"0202";"90269";"7000600";"4";20.000;2279.00;904.00;0.00;29. 11. 2023;21
"0202";"90269";"3100000";"5";2.000;726.00;600.00;0.00;29. 11. 2023;21
"0502";"13895";"7000328";" ";6.000;2837.00;1219.25;5106.60;29. 11. 2023;21
"0502";"13895";"7000385";" ";3.000;1371.00;543.75;1028.30;29. 11. 2023;21
"0502";"13895";"7000600";"4";20.000;2279.00;904.00;22790.00;29. 11. 2023;21
"0502";"13895";"     52";" ";1.000;990.00;0.00;0.00;29. 11. 2023;21
"0502";"13895";"     72";" ";1.000;-990.00;0.00;0.00;29. 11. 2023;21
"0202";"90270";"7202100";" ";12.000;269.00;115.41;0.00;29. 11. 2023;21
"0202";"90270";"7389668";" ";1.000;327.00;140.34;0.00;29. 11. 2023;21
"0202";"90270";"7900710";" ";5.000;930.00;399.46;0.00;29. 11. 2023;21
"0202";"90270";"7760600";" ";1.000;678.00;291.52;0.00;29. 11. 2023;21
"0202";"90270";"7218304";" ";4.000;270.00;111.25;0.00;29. 11. 2023;21
"0202";"90270";"7216504";" ";8.000;270.00;111.25;0.00;29. 11. 2023;21
"0202";"90270";"7211104";" ";20.000;270.00;111.25;0.00;29. 11. 2023;21
"0202";"90270";"7219802";" ";4.000;167.00;56.31;0.00;29. 11. 2023;21
"0202";"90270";"7219804";" ";4.000;270.00;111.25;0.00;29. 11. 2023;21
"0202";"90270";"7909969";" ";5.000;1804.00;775.32;0.00;29. 11. 2023;21
"0202";"90270";"7200200";" ";6.000;269.00;115.41;0.00;29. 11. 2023;21
"0202";"90270";"7202800";" ";36.000;269.00;115.41;0.00;29. 11. 2023;21
"0202";"90270";"7900105";" ";3.000;873.00;375.02;0.00;29. 11. 2023;21
"0202";"90270";"3100000";"5";1.000;726.00;600.00;0.00;29. 11. 2023;21
"0504";"13896";"5004924";" ";18.360;1119.00;372.48;4109.00;29. 11. 2023;21
"0506";"13897";"7211102";" ";1.000;167.00;56.42;0.00;29. 11. 2023;21
"0506";"13897";"7202800";" ";3.000;269.00;115.41;0.00;29. 11. 2023;21
"0506";"13897";"4002691";"1";3.200;399.00;179.00;0.00;29. 11. 2023;21
"0504";"13898";"1137151";" ";1.000;25.00;6.83;0.00;29. 11. 2023;21
"0502";"13899";"7389668";" ";1.000;327.00;140.34;0.00;29. 11. 2023;21
"0502";"13899";"7760600";" ";1.000;678.00;291.52;203.40;29. 11. 2023;21
"0506";"13901";"4110021";" ";1.000;1950.00;1093.33;487.50;29. 11. 2023;21
"0506";"13901";"4980039";" ";1.000;699.00;300.83;174.80;29. 11. 2023;21
"0502";"13902";"3100000";"5";1.000;726.00;600.00;0.00;29. 11. 2023;21
"0502";"13903";"6000261";" ";1.000;363.00;189.15;36.30;29. 11. 2023;21
"0502";"13903";"7202800";" ";1.000;269.00;115.41;67.30;29. 11. 2023;21
"0502";"13904";"7211104";" ";2.000;270.00;111.25;162.00;29. 11. 2023;21
"0501";"13905";"7210102";" ";1.000;132.00;50.65;0.00;29. 11. 2023;21
"0502";"13906";"5000147";"1";1.080;1145.00;373.48;247.32;29. 11. 2023;21
"0502";"13906";"5000146";"1";1.440;1145.00;393.03;329.76;29. 11. 2023;21
"0506";"13907";"7210104";" ";1.000;216.00;88.23;0.00;30. 11. 2023;21
"0506";"13907";"7213504";" ";2.000;204.00;84.09;0.00;30. 11. 2023;21
"0502";"13908";"7202800";" ";3.000;269.00;115.41;201.75;30. 11. 2023;21
"0502";"13908";"7211104";" ";1.000;270.00;111.25;67.50;30. 11. 2023;21
"0502";"13909";"6002674";" ";6.750;399.00;172.85;404.00;30. 11. 2023;21
"0502";"13909";"6002675";"1";10.800;399.00;173.72;646.38;30. 11. 2023;21
"0502";"13909";"6002670";" ";5.320;469.00;199.17;374.27;30. 11. 2023;21
"0502";"13909";"7211104";" ";2.000;270.00;111.25;135.00;30. 11. 2023;21
"0504";"13910";"7772625";" ";1.000;335.00;194.81;0.00;30. 11. 2023;21
"0504";"13910";"7210104";" ";2.000;216.00;88.23;0.00;30. 11. 2023;21
"0504";"13910";"7211102";" ";1.000;167.00;56.42;0.00;30. 11. 2023;21
"0221";" 1463";"3100000";"2";6.000;726.00;0.00;0.00;30. 11. 2023;21
"0221";" 1463";"3100000";"2";4.000;726.00;142.60;0.00;30. 11. 2023;21
"0221";" 1463";"3100000";"2";2.000;726.00;142.60;0.00;30. 11. 2023;21
"0221";" 1463";"3100001";"1";2.000;121.00;0.00;0.00;30. 11. 2023;21
"0502";"13911";"7212904";" ";1.000;270.00;111.25;81.00;30. 11. 2023;21
"0502";"13911";"7909990";" ";7.000;314.00;134.85;659.40;30. 11. 2023;21
"0501";"13912";"6002670";" ";3.990;469.00;199.17;0.00;30. 11. 2023;21
"0501";"13912";"6002674";" ";8.100;399.00;172.85;0.00;30. 11. 2023;21
"0501";"13912";"6002675";"1";1.350;399.00;173.72;0.00;30. 11. 2023;21
"0506";"13913";"5000146";"1";10.800;1145.00;393.03;2473.20;30. 11. 2023;21
"0502";"13914";"3100000";"5";2.000;726.00;600.00;0.00;30. 11. 2023;21
"0501";"13915";"7654321";" ";3.000;156.00;90.26;45.90;30. 11. 2023;21
"0506";"13916";"6002675";"1";2.700;399.00;173.72;0.00;30. 11. 2023;21
"0506";"13916";"6002674";" ";6.750;399.00;172.85;0.00;30. 11. 2023;21
"0501";"13917";"7220404";" ";3.000;334.00;137.82;0.00;30. 11. 2023;21
"0501";"13917";"7200500";" ";5.000;314.00;130.62;628.00;30. 11. 2023;21
"0202";"90271";"1301070";" ";1.000;2399.00;1189.80;0.00;30. 11. 2023;21
"0202";"90271";"1301747";" ";1.000;348.00;172.80;0.00;30. 11. 2023;21
"0202";"90271";"1304260";" ";1.000;1598.00;898.30;0.00;30. 11. 2023;21
"0202";"90271";"1303684";" ";1.000;3999.00;1983.00;0.00;30. 11. 2023;21
"0202";"90271";"1301071";" ";1.000;2399.00;1189.80;0.00;30. 11. 2023;21
"0502";"13686";"     24";" ";1.000;-1500.00;0.00;0.00;30. 11. 2023;21
"0202";"90272";"1304158";" ";1.000;2899.00;1437.60;0.00;30. 11. 2023;21
"0202";"90272";"1304257";" ";1.000;7498.00;3718.20;0.00;30. 11. 2023;21
"0502";"13894";"1301747";" ";1.000;348.00;172.80;69.60;29. 11. 2023;21
"0502";"13894";"1304260";" ";1.000;1598.00;898.30;319.60;29. 11. 2023;21
"0502";"13918";"5301569";" ";18.900;845.00;205.34;2395.60;30. 11. 2023;21
"0502";"13918";"5301529";"1";6.750;859.00;201.91;869.70;30. 11. 2023;21
"0502";"13781";"     52";" ";1.000;990.00;0.00;0.00;20. 11. 2023;21
"0502";"13781";"     72";" ";1.000;-990.00;0.00;0.00;20. 11. 2023;21
"0506";"13919";"2003775";" ";1.250;749.00;262.76;0.00;30. 11. 2023;21
"0506";"13919";"7204200";" ";1.000;269.00;115.30;0.00;30. 11. 2023;21
"0506";"13919";"7210102";" ";1.000;132.00;50.65;0.00;30. 11. 2023;21
"0506";"13920";"5300424";" ";1.000;605.00;138.63;0.00;30. 11. 2023;21
"0502";"13921";"3000153";" ";10.080;499.00;169.11;754.49;30. 11. 2023;21
"0221";" 1464";"2004467";" ";11.000;299.00;180.00;0.00;30. 11. 2023;21
"0221";" 1464";"6002887";" ";60.000;115.00;39.94;0.00;30. 11. 2023;21
"0221";" 1464";"1008056";" ";1.210;149.00;154.00;0.00;30. 11. 2023;21
"0221";" 1464";"1008930";" ";4.800;149.00;75.30;0.00;30. 11. 2023;21
"0221";" 1464";"1008931";" ";3.200;149.00;90.69;0.00;30. 11. 2023;21
"0221";" 1464";"3145445";" ";3.240;299.00;147.68;0.00;30. 11. 2023;21
"0221";" 1464";"2003424";" ";24.310;729.00;269.42;0.00;30. 11. 2023;21
"0221";" 1464";"4002654";" ";14.400;595.00;207.66;0.00;30. 11. 2023;21
"0221";" 1464";"4002656";" ";1.200;595.00;103.27;0.00;30. 11. 2023;21
"0221";" 1464";"4002688";"1";51.200;399.00;179.00;0.00;30. 11. 2023;21
"0221";" 1464";"4002688";"1";51.200;399.00;179.00;0.00;30. 11. 2023;21
"0221";" 1464";"2004467";" ";37.000;299.00;180.00;0.00;30. 11. 2023;21
"0221";" 1464";"2004467";" ";11.000;299.00;180.00;0.00;30. 11. 2023;21
"0221";" 1464";"2004467";" ";48.000;299.00;180.00;0.00;30. 11. 2023;21
"0502";"13863";"3145445";" ";3.240;299.00;147.68;0.00;27. 11. 2023;21
"0502";"13870";"2003424";" ";24.310;729.00;269.42;2658.30;28. 11. 2023;21
"0502";"13923";"3151514";" ";0.040;699.00;302.67;4.20;30. 11. 2023;21
"0502";"13924";"4002656";" ";1.200;595.00;108.40;107.10;30. 11. 2023;21
"0502";"13924";"4002654";" ";14.400;595.00;207.66;1285.20;30. 11. 2023;21
"0502";"13689";"4990239";" ";1.000;6790.00;2913.50;1697.50;10. 11. 2023;21
"0502";"13689";"     49";" ";1.000;290.00;0.00;0.00;10. 11. 2023;21
"0502";"13689";"     70";" ";1.000;-290.00;0.00;0.00;10. 11. 2023;21
"0502";"13894";"4990336";" ";1.000;4490.00;1971.56;1347.00;29. 11. 2023;21
"0502";"13894";"4990276";" ";1.000;3050.00;1310.74;915.00;29. 11. 2023;21
"0402";"42856";"3100001";"1";1.000;121.00;1.05;0.00;1. 11. 2023;21
"0502";"13598";"3100001";"1";1.000;121.00;1.05;0.00;2. 11. 2023;21
"0402";"43598";"3100001";"1";1.000;121.00;1.05;0.00;3. 11. 2023;21
"0502";"13781";"3100001";"1";1.000;121.00;1.05;0.00;20. 11. 2023;21
"0312";"00312";"3100001";"1";360.000;121.00;0.00;0.00;30. 11. 2023;21
"0402";"   34";"3100001";"1";-1.000;0.00;189.39;0.00;30. 11. 2023;21
"0402";"   34";"3100001";"1";1.000;0.00;0.00;0.00;30. 11. 2023;21
"0502";"13925";"3100001";"1";1.000;0.00;189.39;0.00;30. 11. 2023;21
"0502";"13925";"3100001";"1";-1.000;0.00;0.00;0.00;30. 11. 2023;21
"0504";"13926";"1003152";" ";1.000;0.00;-0.01;0.00;30. 11. 2023;21
"0504";"13926";"1003152";" ";-1.000;0.00;0.00;0.00;30. 11. 2023;21
"0504";"13926";"3100001";"1";1.000;0.00;-1.06;0.00;30. 11. 2023;21
"0504";"13926";"3100001";"1";-1.000;0.00;0.00;0.00;30. 11. 2023;21
"0504";"13926";"4000837";"1";1.000;0.00;0.01;0.00;30. 11. 2023;21
"0504";"13926";"4000837";"1";-1.000;0.00;0.00;0.00;30. 11. 2023;21
"0504";"13926";"4110021";" ";1.000;0.00;-0.01;0.00;30. 11. 2023;21
"0504";"13926";"4110021";" ";-1.000;0.00;0.00;0.00;30. 11. 2023;21
"0504";"13926";"6000003";" ";1.000;0.00;0.01;0.00;30. 11. 2023;21
"0504";"13926";"6000003";" ";-1.000;0.00;0.00;0.00;30. 11. 2023;21
"0504";"13926";"6000153";" ";1.000;0.00;-0.01;0.00;30. 11. 2023;21
"0504";"13926";"6000153";" ";-1.000;0.00;0.00;0.00;30. 11. 2023;21
"0504";"13926";"6000155";" ";1.000;0.00;0.01;0.00;30. 11. 2023;21
"0504";"13926";"6000155";" ";-1.000;0.00;0.00;0.00;30. 11. 2023;21
"0504";"13926";"6000159";" ";1.000;0.00;0.01;0.00;30. 11. 2023;21
"0504";"13926";"6000159";" ";-1.000;0.00;0.00;0.00;30. 11. 2023;21
"0504";"13926";"6000161";" ";1.000;0.00;-0.01;0.00;30. 11. 2023;21
"0504";"13926";"6000161";" ";-1.000;0.00;0.00;0.00;30. 11. 2023;21
"0504";"13926";"6000261";" ";1.000;0.00;0.01;0.00;30. 11. 2023;21
"0504";"13926";"6000261";" ";-1.000;0.00;0.00;0.00;30. 11. 2023;21
"0504";"13926";"6000269";" ";1.000;0.00;-0.01;0.00;30. 11. 2023;21
"0504";"13926";"6000269";" ";-1.000;0.00;0.00;0.00;30. 11. 2023;21
"0504";"13926";"7200200";" ";1.000;0.00;0.01;0.00;30. 11. 2023;21
"0504";"13926";"7200200";" ";-1.000;0.00;0.00;0.00;30. 11. 2023;21
"0504";"13926";"7200600";" ";1.000;0.00;-0.01;0.00;30. 11. 2023;21
"0504";"13926";"7200600";" ";-1.000;0.00;0.00;0.00;30. 11. 2023;21
"0504";"13926";"7201000";" ";1.000;0.00;0.01;0.00;30. 11. 2023;21
"0504";"13926";"7201000";" ";-1.000;0.00;0.00;0.00;30. 11. 2023;21
"0504";"13926";"7201400";" ";1.000;0.00;-0.01;0.00;30. 11. 2023;21
"0504";"13926";"7201400";" ";-1.000;0.00;0.00;0.00;30. 11. 2023;21
"0504";"13926";"7202100";" ";1.000;0.00;0.03;0.00;30. 11. 2023;21
"0504";"13926";"7202100";" ";-1.000;0.00;0.00;0.00;30. 11. 2023;21
"0504";"13926";"7202800";" ";1.000;0.00;0.01;0.00;30. 11. 2023;21
"0504";"13926";"7202800";" ";-1.000;0.00;0.00;0.00;30. 11. 2023;21
"0504";"13926";"7203500";" ";1.000;0.00;0.01;0.00;30. 11. 2023;21
"0504";"13926";"7203500";" ";-1.000;0.00;0.00;0.00;30. 11. 2023;21
"0504";"13926";"7204200";" ";1.000;0.00;0.01;0.00;30. 11. 2023;21
"0504";"13926";"7204200";" ";-1.000;0.00;0.00;0.00;30. 11. 2023;21
"0504";"13926";"7772625";" ";1.000;0.00;0.05;0.00;30. 11. 2023;21
"0504";"13926";"7772625";" ";-1.000;0.00;0.00;0.00;30. 11. 2023;21
"0504";"13926";"7900101";" ";1.000;0.00;-0.01;0.00;30. 11. 2023;21
"0504";"13926";"7900101";" ";-1.000;0.00;0.00;0.00;30. 11. 2023;21
"0504";"13926";"7900710";" ";1.000;0.00;0.01;0.00;30. 11. 2023;21
"0504";"13926";"7900710";" ";-1.000;0.00;0.00;0.00;30. 11. 2023;21
"0504";"13926";"7902207";" ";1.000;0.00;-0.01;0.00;30. 11. 2023;21
"0504";"13926";"7902207";" ";-1.000;0.00;0.00;0.00;30. 11. 2023;21
"0504";"13926";"7902214";" ";1.000;0.00;-0.01;0.00;30. 11. 2023;21
"0504";"13926";"7902214";" ";-1.000;0.00;0.00;0.00;30. 11. 2023;21
"0504";"13926";"6002674";" ";1.000;0.00;-0.02;0.00;30. 11. 2023;21
"0504";"13926";"6002674";" ";-1.000;0.00;0.00;0.00;30. 11. 2023;21
"0504";"13926";"7909968";" ";1.000;0.00;-0.01;0.00;30. 11. 2023;21
"0504";"13926";"7909968";" ";-1.000;0.00;0.00;0.00;30. 11. 2023;21
"0504";"13926";"1008346";" ";1.000;0.00;0.01;0.00;30. 11. 2023;21
"0504";"13926";"1008346";" ";-1.000;0.00;0.00;0.00;30. 11. 2023;21
"0504";"13926";"7909989";" ";1.000;0.00;-0.01;0.00;30. 11. 2023;21
"0504";"13926";"7909989";" ";-1.000;0.00;0.00;0.00;30. 11. 2023;21
"0504";"13926";"6003627";" ";1.000;0.00;-0.01;0.00;30. 11. 2023;21
"0504";"13926";"6003627";" ";-1.000;0.00;0.00;0.00;30. 11. 2023;21
"0504";"13926";"6003126";"1";1.000;0.00;-0.01;0.00;30. 11. 2023;21
"0504";"13926";"6003126";"1";-1.000;0.00;0.00;0.00;30. 11. 2023;21
"0504";"13926";"5301569";"3";1.000;0.00;-0.01;0.00;30. 11. 2023;21
"0504";"13926";"5301569";"3";-1.000;0.00;0.00;0.00;30. 11. 2023;21
"0504";"13926";"6000001";"1";1.000;0.00;-0.01;0.00;30. 11. 2023;21
"0504";"13926";"6000001";"1";-1.000;0.00;0.00;0.00;30. 11. 2023;21
"0504";"13926";"5700036";" ";1.000;0.00;-0.01;0.00;30. 11. 2023;21
"0504";"13926";"5700036";" ";-1.000;0.00;0.00;0.00;30. 11. 2023;21
"0504";"13926";"5900584";" ";1.000;0.00;-0.01;0.00;30. 11. 2023;21
"0504";"13926";"5900584";" ";-1.000;0.00;0.00;0.00;30. 11. 2023;21
"0504";"13926";"4002689";"1";1.000;0.00;0.01;0.00;30. 11. 2023;21
"0504";"13926";"4002689";"1";-1.000;0.00;0.00;0.00;30. 11. 2023;21
"0504";"13926";"6003509";"1";1.000;0.00;-0.01;0.00;30. 11. 2023;21
"0504";"13926";"6003509";"1";-1.000;0.00;0.00;0.00;30. 11. 2023;21
"0504";"13926";"2003774";" ";1.000;0.00;-0.01;0.00;30. 11. 2023;21
"0504";"13926";"2003774";" ";-1.000;0.00;0.00;0.00;30. 11. 2023;21
"0504";"13926";"4990392";" ";1.000;0.00;0.01;0.00;30. 11. 2023;21
"0504";"13926";"4990392";" ";-1.000;0.00;0.00;0.00;30. 11. 2023;21
"0504";"13926";"1009962";" ";1.000;0.00;-0.01;0.00;30. 11. 2023;21
"0504";"13926";"1009962";" ";-1.000;0.00;0.00;0.00;30. 11. 2023;21
"0504";"13926";"6004201";"1";1.000;0.00;0.01;0.00;30. 11. 2023;21
"0504";"13926";"6004201";"1";-1.000;0.00;0.00;0.00;30. 11. 2023;21
"0504";"13926";"6005114";" ";1.000;0.00;-0.01;0.00;30. 11. 2023;21
"0504";"13926";"6005114";" ";-1.000;0.00;0.00;0.00;30. 11. 2023;21
"0504";"13926";"5000147";"1";1.000;0.00;0.01;0.00;30. 11. 2023;21
"0504";"13926";"5000147";"1";-1.000;0.00;0.00;0.00;30. 11. 2023;21
"0504";"13926";"1010235";" ";1.000;0.00;0.01;0.00;30. 11. 2023;21
"0504";"13926";"1010235";" ";-1.000;0.00;0.00;0.00;30. 11. 2023;21
"0504";"13926";"7211102";" ";1.000;0.00;-0.01;0.00;30. 11. 2023;21
"0504";"13926";"7211102";" ";-1.000;0.00;0.00;0.00;30. 11. 2023;21
"0504";"13926";"7213502";" ";1.000;0.00;-0.01;0.00;30. 11. 2023;21
"0504";"13926";"7213502";" ";-1.000;0.00;0.00;0.00;30. 11. 2023;21
"0504";"13926";"7214102";" ";1.000;0.00;-0.01;0.00;30. 11. 2023;21
"0504";"13926";"7214102";" ";-1.000;0.00;0.00;0.00;30. 11. 2023;21
"0504";"13926";"7216502";" ";1.000;0.00;0.01;0.00;30. 11. 2023;21
"0504";"13926";"7216502";" ";-1.000;0.00;0.00;0.00;30. 11. 2023;21
"0504";"13926";"7217402";" ";1.000;0.00;-0.01;0.00;30. 11. 2023;21
"0504";"13926";"7217402";" ";-1.000;0.00;0.00;0.00;30. 11. 2023;21
"0504";"13926";"7218002";" ";1.000;0.00;0.01;0.00;30. 11. 2023;21
"0504";"13926";"7218002";" ";-1.000;0.00;0.00;0.00;30. 11. 2023;21
"0504";"13926";"7218302";" ";1.000;0.00;-0.01;0.00;30. 11. 2023;21
"0504";"13926";"7218302";" ";-1.000;0.00;0.00;0.00;30. 11. 2023;21
"0504";"13926";"7218602";" ";1.000;0.00;-0.01;0.00;30. 11. 2023;21
"0504";"13926";"7218602";" ";-1.000;0.00;0.00;0.00;30. 11. 2023;21
"0504";"13926";"7219802";" ";1.000;0.00;-0.01;0.00;30. 11. 2023;21
"0504";"13926";"7219802";" ";-1.000;0.00;0.00;0.00;30. 11. 2023;21
"0504";"13926";"7220102";" ";1.000;0.00;0.01;0.00;30. 11. 2023;21
"0504";"13926";"7220102";" ";-1.000;0.00;0.00;0.00;30. 11. 2023;21
"0504";"13926";"7210504";" ";1.000;0.00;-0.01;0.00;30. 11. 2023;21
"0504";"13926";"7210504";" ";-1.000;0.00;0.00;0.00;30. 11. 2023;21
"0504";"13926";"7211104";" ";1.000;0.00;-0.04;0.00;30. 11. 2023;21
"0504";"13926";"7211104";" ";-1.000;0.00;0.00;0.00;30. 11. 2023;21
"0504";"13926";"7212904";" ";1.000;0.00;-0.01;0.00;30. 11. 2023;21
"0504";"13926";"7212904";" ";-1.000;0.00;0.00;0.00;30. 11. 2023;21
"0504";"13926";"7213504";" ";1.000;0.00;0.01;0.00;30. 11. 2023;21
"0504";"13926";"7213504";" ";-1.000;0.00;0.00;0.00;30. 11. 2023;21
"0504";"13926";"7216504";" ";1.000;0.00;0.01;0.00;30. 11. 2023;21
"0504";"13926";"7216504";" ";-1.000;0.00;0.00;0.00;30. 11. 2023;21
"0504";"13926";"7217404";" ";1.000;0.00;-0.01;0.00;30. 11. 2023;21
"0504";"13926";"7217404";" ";-1.000;0.00;0.00;0.00;30. 11. 2023;21
"0504";"13926";"7218304";" ";1.000;0.00;-0.01;0.00;30. 11. 2023;21
"0504";"13926";"7218304";" ";-1.000;0.00;0.00;0.00;30. 11. 2023;21
"0504";"13926";"7218604";" ";1.000;0.00;0.01;0.00;30. 11. 2023;21
"0504";"13926";"7218604";" ";-1.000;0.00;0.00;0.00;30. 11. 2023;21
"0504";"13926";"7220404";" ";1.000;0.00;0.01;0.00;30. 11. 2023;21
"0504";"13926";"7220404";" ";-1.000;0.00;0.00;0.00;30. 11. 2023;21
"0504";"13926";"2004063";"1";1.000;0.00;-0.01;0.00;30. 11. 2023;21
"0504";"13926";"2004063";"1";-1.000;0.00;0.00;0.00;30. 11. 2023;21
"0504";"13926";"6005415";" ";1.000;0.00;0.01;0.00;30. 11. 2023;21
"0504";"13926";"6005415";" ";-1.000;0.00;0.00;0.00;30. 11. 2023;21
"0504";"13926";"6005688";" ";1.000;0.00;-0.01;0.00;30. 11. 2023;21
"0504";"13926";"6005688";" ";-1.000;0.00;0.00;0.00;30. 11. 2023;21
"0501";"13927";"6003505";" ";1.000;0.00;39.83;0.00;30. 11. 2023;21
"0501";"13927";"6003505";" ";-1.000;0.00;0.00;0.00;30. 11. 2023;21
"0354";"   40";"1002755";"<";1.000;-0.10;-0.10;0.00;30. 11. 2023;21
"0354";"   40";"1009959";" ";1.000;0.10;0.10;0.00;30. 11. 2023;21
"0354";"   40";"1010229";" ";1.000;0.10;0.10;0.00;30. 11. 2023;21
"0354";"   40";"2003328";"1";1.000;0.10;0.10;0.00;30. 11. 2023;21
"0354";"   40";"2003442";"2";1.000;0.10;0.10;0.00;30. 11. 2023;21
"0354";"   40";"2003775";" ";1.000;0.10;0.10;0.00;30. 11. 2023;21
"0354";"   40";"4000837";" ";1.000;-0.10;-0.10;0.00;30. 11. 2023;21
"0354";"   40";"5301516";" ";1.000;0.10;0.10;0.00;30. 11. 2023;21
"0354";"   40";"5301529";"1";1.000;0.10;0.10;0.00;30. 11. 2023;21
"0354";"   40";"5301569";" ";1.000;0.10;0.10;0.00;30. 11. 2023;21
"0354";"   40";"5301569";"3";1.000;0.10;0.10;0.00;30. 11. 2023;21
"0354";"   40";"6002674";" ";1.000;0.30;0.30;0.00;30. 11. 2023;21
"0354";"   40";"6002675";"1";1.000;0.20;0.20;0.00;30. 11. 2023;21
"0354";"   40";"6003126";"1";1.000;0.10;0.10;0.00;30. 11. 2023;21
"0354";"   40";"6003133";" ";1.000;0.20;0.20;0.00;30. 11. 2023;21
"0354";"   40";"6003509";"1";1.000;0.10;0.10;0.00;30. 11. 2023;21
"0354";"   40";"6003727";"2";1.000;-0.10;-0.10;0.00;30. 11. 2023;21
"0351";"   41";"3580536";" ";1.000;107.00;107.00;0.00;30. 11. 2023;21
"0353";"   42";"6003632";" ";1.000;-0.10;-0.10;0.00;30. 11. 2023;21
