"0502";"12566";"3100000";"1";2.000;726.00;248.58;0.00;01.12.2023;21
"0521";" 3405";"6004448";" ";3.000;1939.00;629.82;0.00;01.12.2023;21
"0502";"12848";"6002471";"5";16.050;1125.00;366.74;2708.45;01.12.2023;21
"0502";"12848";"6002471";"5";2.140;1125.00;366.74;361.13;01.12.2023;21
"0502";"12900";"1006547";"5";1.080;799.00;359.20;129.40;01.12.2023;21
"0502";"13047";"1500005";" ";1.000;6436.00;2389.28;2896.20;01.12.2023;21
"0502";"13047";"1500334";" ";1.000;177.00;84.68;35.40;01.12.2023;21
"0502";"13047";"1500337";" ";1.000;488.00;233.74;97.60;01.12.2023;21
"0502";"13047";"1500630";" ";1.000;852.00;450.56;170.40;01.12.2023;21
"0502";"13062";"3000153";"5";43.200;499.00;175.39;7544.90;05.12.2023;21
"0502";"13067";"5004927";" ";16.200;1315.00;438.01;5325.80;01.12.2023;21
"0502";"13067";"5004888";" ";38.880;1039.00;287.69;10099.10;01.12.2023;21
"0502";"13067";"5004924";"3";12.960;1119.00;372.48;3625.60;01.12.2023;21
"0502";"13070";"5005003";" ";1.440;1165.00;343.16;419.40;01.12.2023;21
"0501";"13086";"5301571";"8";10.890;809.00;203.28;0.00;06.12.2023;21
"0501";"13086";"5301569";"E";21.600;845.00;205.34;0.00;06.12.2023;21
"0501";"13086";"5301529";"=";14.850;859.00;234.12;0.00;06.12.2023;21
"0501";"13086";"     24";" ";1.000;-1500.00;0.00;0.00;06.12.2023;21
"0502";"13097";"1010259";" ";5.400;1026.00;475.89;2216.20;01.12.2023;21
"0502";"13098";"1010691";"6";22.680;431.00;198.90;3910.04;01.12.2023;21
"0502";"13062";"1008332";"2";5.900;649.00;293.90;1531.64;05.12.2023;21
"0502";"13103";"2003443";"2";25.680;775.00;194.53;5970.60;01.12.2023;21
"0502";"13106";"1001178";"4";12.000;314.00;157.59;1582.60;04.12.2023;21
"0502";"13106";"1001182";"7";9.000;314.00;157.59;1186.90;04.12.2023;21
"0502";"13115";"3508967";"1";30.030;569.00;198.73;5980.50;06.12.2023;21
"0502";"13115";"3147838";" ";13.090;699.00;256.70;2745.00;06.12.2023;21
"0502";"13115";"     51";" ";1.000;590.00;0.00;0.00;06.12.2023;21
"0502";"13115";"     71";" ";1.000;-590.00;0.00;0.00;06.12.2023;21
"0502";"13117";"6003482";"3";6.700;1065.00;285.33;1070.33;08.12.2023;21
"0502";"13117";"6003481";"1";4.020;1179.00;267.62;710.94;08.12.2023;21
"0502";"13117";"6003784";"3";6.400;819.00;236.82;786.24;08.12.2023;21
"0502";"13106";"1010665";" ";65.280;799.00;401.46;20863.48;04.12.2023;21
"0502";"13106";"1002234";"?";130.500;557.00;279.92;29075.40;04.12.2023;21
"0501";"13086";"     52";" ";1.000;990.00;0.00;0.00;06.12.2023;21
"0501";"13086";"     72";" ";1.000;-990.00;0.00;0.00;06.12.2023;21
"0502";"13133";"1302677";" ";1.000;171.00;64.90;39.33;01.12.2023;21
"0502";"13135";"1502038";" ";1.000;9593.00;3567.60;4316.85;04.12.2023;21
"0502";"13135";"1502052";" ";1.000;2306.00;857.70;1037.70;04.12.2023;21
"0502";"13137";"6001560";":";105.000;419.00;155.54;15398.30;01.12.2023;21
"0502";"13117";"6003551";" ";18.000;465.00;153.08;1255.50;08.12.2023;21
"0502";"13138";"3579929";" ";24.610;499.00;213.50;0.00;01.12.2023;21
"0502";"12566";"3100001";"1";1.000;121.00;0.00;0.00;01.12.2023;21
"0502";"13103";"5800004";" ";4.000;80.00;36.27;0.00;01.12.2023;21
"0502";"13103";"6001586";"D";6.000;419.00;134.09;879.90;01.12.2023;21
"0502";"13106";"1010665";"1";23.040;799.00;401.46;7363.60;04.12.2023;21
"0502";"13137";"1008382";"3";29.500;587.00;201.60;6926.60;01.12.2023;21
"0502";"13115";"7123456";" ";5.000;268.00;163.28;134.00;06.12.2023;21
"0502";"13117";"6003480";"2";4.920;1065.00;285.44;785.97;08.12.2023;21
"0502";"13117";"6003480";"2";9.380;1065.00;285.44;1498.46;08.12.2023;21
"0502";"13117";"     24";" ";1.000;-1500.00;0.00;0.00;08.12.2023;21
"0502";"13142";"     48";" ";1.000;290.00;0.00;0.00;01.12.2023;21
"0502";"13142";"     70";" ";1.000;-290.00;0.00;0.00;01.12.2023;21
"0502";"13143";"2003363";"2";2.860;1265.00;445.00;542.69;08.12.2023;21
"0502";"13144";"5301779";"7";11.440;829.00;199.50;1422.60;01.12.2023;21
"0502";"13144";"5000191";"8";3.240;835.00;228.64;676.40;01.12.2023;21
"0202";"30282";"2900042";" ";100.000;9.00;5.75;0.00;01.12.2023;21
"0502";"13145";"2900042";" ";100.000;9.00;5.75;0.00;08.12.2023;21
"0202";"30283";"1302657";" ";1.000;3699.00;1834.20;0.00;01.12.2023;21
"0202";"30283";"1304023";" ";1.000;2199.00;1090.20;0.00;01.12.2023;21
"0202";"30283";"1304027";" ";1.000;2399.00;1189.80;0.00;01.12.2023;21
"0202";"30283";"1304026";" ";1.000;2899.00;1437.60;0.00;01.12.2023;21
"0502";"13146";"7201400";" ";2.000;314.00;134.87;188.40;01.12.2023;21
"0502";"13146";"7214704";" ";2.000;334.00;137.82;200.40;01.12.2023;21
"0221";" 3465";"4990333";" ";1.000;4690.00;1924.40;0.00;01.12.2023;21
"0221";" 3465";"4990329";" ";1.000;3190.00;1356.33;0.00;01.12.2023;21
"0221";" 3465";"4301110";" ";1.000;5050.00;2170.25;0.00;01.12.2023;21
"0502";"13147";"4990333";" ";1.000;4690.00;1924.40;1407.00;06.12.2023;21
"0502";"13147";"4990329";" ";1.000;3190.00;1356.33;957.00;06.12.2023;21
"0502";"13147";"4301110";" ";1.000;5050.00;2170.25;1515.00;06.12.2023;21
"0221";" 3466";"6004708";"1";3.360;655.00;211.08;0.00;01.12.2023;21
"0221";" 3466";"6004781";" ";2.000;999.00;343.36;0.00;01.12.2023;21
"0221";" 3466";"6004718";" ";1.790;1029.00;353.05;0.00;01.12.2023;21
"0221";" 3466";"1010665";"1";23.040;799.00;401.46;0.00;01.12.2023;21
"0221";" 3466";"6001560";":";2.000;419.00;155.54;0.00;01.12.2023;21
"0221";" 3466";"3577987";" ";8.520;899.00;352.17;0.00;01.12.2023;21
"0221";" 3466";"7772625";" ";48.000;335.00;198.93;0.00;01.12.2023;21
"0221";" 3466";"1002234";"?";90.000;557.00;279.92;0.00;01.12.2023;21
"0502";"13148";"6004781";" ";2.000;999.00;343.36;599.40;11.12.2023;21
"0502";"13148";"6004718";" ";1.790;1029.00;353.05;552.60;11.12.2023;21
"0502";"13145";"3577987";" ";8.520;899.00;352.17;1148.90;08.12.2023;21
"0502";"13149";"6001560";":";2.000;419.00;155.54;293.30;04.12.2023;21
"0506";"13150";"6004708";"1";3.360;655.00;211.08;0.00;01.12.2023;21
"0502";"13151";"2700117";" ";1.000;4755.00;1778.99;475.50;04.12.2023;21
"0502";"13152";"1010204";"2";29.500;395.00;157.50;1747.88;04.12.2023;21
"0502";"13153";"     49";" ";1.000;290.00;0.00;0.00;04.12.2023;21
"0502";"13153";"     70";" ";1.000;-290.00;0.00;0.00;04.12.2023;21
"0502";"13154";"1010681";"4";5.080;431.00;198.90;875.80;05.12.2023;21
"0504";"13155";"7201000";" ";1.000;269.00;115.39;0.00;04.12.2023;21
"0504";"13155";"7909987";" ";1.000;314.00;134.79;0.00;04.12.2023;21
"0301";"31600";"5200048";" ";0.000;-512.00;10250.00;0.00;04.12.2023;21
"0301";"31600";"5200049";" ";0.000;-472.00;9457.00;0.00;04.12.2023;21
"0301";"31600";"5200050";" ";0.000;-512.00;10250.00;0.00;04.12.2023;21
"0301";"31600";"5200051";" ";0.000;-493.00;9852.00;0.00;04.12.2023;21
"0301";"31600";"5200052";" ";0.000;-565.00;11318.00;0.00;04.12.2023;21
"0301";"31600";"5200053";" ";0.000;-551.00;11053.00;0.00;04.12.2023;21
"0301";"31600";"5200054";" ";0.000;-565.00;11318.00;0.00;04.12.2023;21
"0301";"31600";"5200055";" ";0.000;-578.00;11581.00;0.00;04.12.2023;21
"0301";"31600";"5200056";" ";0.000;-511.00;10221.00;0.00;04.12.2023;21
"0301";"31600";"5200083";" ";0.000;-753.00;7544.00;0.00;04.12.2023;21
"0301";"31600";"5200085";" ";0.000;-791.00;7903.00;0.00;04.12.2023;21
"0301";"31600";"5200087";" ";0.000;-883.00;8841.00;0.00;04.12.2023;21
"0301";"31600";"5200088";" ";0.000;-956.00;9559.00;0.00;04.12.2023;21
"0301";"31600";"5200192";" ";0.000;1.00;16800.00;0.00;04.12.2023;21
"0301";"31600";"5200195";" ";0.000;-1.00;16798.00;0.00;04.12.2023;21
"0301";"31600";"5200197";" ";0.000;-1.00;19644.00;0.00;04.12.2023;21
"0301";"31600";"5200200";" ";0.000;-1.00;11883.00;0.00;04.12.2023;21
"0301";"31600";"5200204";" ";0.000;-1.00;19644.00;0.00;04.12.2023;21
"0301";"31600";"5200217";" ";0.000;1.00;32305.00;0.00;04.12.2023;21
"0301";"31600";"5200333";" ";0.000;-89.00;894.00;0.00;04.12.2023;21
"0301";"31600";"5200334";" ";0.000;-104.00;1042.00;0.00;04.12.2023;21
"0301";"31600";"5200335";" ";0.000;-149.00;1491.00;0.00;04.12.2023;21
"0301";"31600";"5200336";" ";0.000;-149.00;1491.00;0.00;04.12.2023;21
"0301";"31600";"5200337";" ";0.000;-163.00;1637.00;0.00;04.12.2023;21
"0301";"31600";"5200338";" ";0.000;-265.00;2646.00;0.00;04.12.2023;21
"0301";"31600";"5200339";" ";0.000;-305.00;3054.00;0.00;04.12.2023;21
"0301";"31600";"5200340";" ";0.000;-299.00;2984.00;0.00;04.12.2023;21
"0301";"31600";"5200341";" ";0.000;-298.00;2983.00;0.00;04.12.2023;21
"0301";"31600";"5200342";" ";0.000;-350.00;3492.00;0.00;04.12.2023;21
"0301";"31600";"5200343";" ";0.000;-317.00;3174.00;0.00;04.12.2023;21
"0301";"31600";"5200344";" ";0.000;-371.00;3718.00;0.00;04.12.2023;21
"0301";"31600";"5200345";" ";0.000;-404.00;4044.00;0.00;04.12.2023;21
"0301";"31600";"5200346";" ";0.000;-650.00;6499.00;0.00;04.12.2023;21
"0301";"31600";"5200347";" ";0.000;-200.00;2007.00;0.00;04.12.2023;21
"0301";"31600";"5200348";" ";0.000;-231.00;2317.00;0.00;04.12.2023;21
"0301";"31600";"5200349";" ";0.000;-201.00;2005.00;0.00;04.12.2023;21
"0301";"31600";"5200364";" ";0.000;-934.00;9342.00;0.00;04.12.2023;21
"0301";"31600";"5200365";" ";0.000;-934.00;9342.00;0.00;04.12.2023;21
"0301";"31600";"5200366";" ";0.000;-112.00;1111.00;0.00;04.12.2023;21
"0301";"31600";"5200374";" ";0.000;-124.00;1251.00;0.00;04.12.2023;21
"0301";"31600";"5200375";" ";0.000;-531.00;5314.00;0.00;04.12.2023;21
"0301";"31600";"5200376";" ";0.000;-388.00;3885.00;0.00;04.12.2023;21
"0301";"31600";"5200377";" ";0.000;-319.00;3179.00;0.00;04.12.2023;21
"0301";"31600";"5200379";" ";0.000;-713.00;7133.00;0.00;04.12.2023;21
"0301";"31600";"5200380";" ";0.000;-551.00;5507.00;0.00;04.12.2023;21
"0301";"31600";"5200382";" ";0.000;-260.00;2598.00;0.00;04.12.2023;21
"0301";"31600";"5200387";" ";0.000;-194.00;1934.00;0.00;04.12.2023;21
"0301";"31600";"5200389";" ";0.000;-810.00;8108.00;0.00;04.12.2023;21
"0301";"31600";"5200390";" ";0.000;-697.00;6967.00;0.00;04.12.2023;21
"0301";"31600";"5200391";" ";0.000;-1786.00;17863.00;0.00;04.12.2023;21
"0301";"31600";"5200398";" ";0.000;-104.00;1042.00;0.00;04.12.2023;21
"0301";"31600";"5200399";" ";0.000;-333.00;3323.00;0.00;04.12.2023;21
"0301";"31600";"5200400";" ";0.000;-356.00;3559.00;0.00;04.12.2023;21
"0301";"31600";"5200401";" ";0.000;-282.00;2819.00;0.00;04.12.2023;21
"0301";"31600";"5200403";" ";0.000;-649.00;6481.00;0.00;04.12.2023;21
"0301";"31600";"5200404";" ";0.000;-486.00;4855.00;0.00;04.12.2023;21
"0301";"31600";"5200405";" ";0.000;-1459.00;14595.00;0.00;04.12.2023;21
"0301";"31600";"5200407";" ";0.000;-201.00;2009.00;0.00;04.12.2023;21
"0301";"31600";"5200414";" ";0.000;-177.00;1763.00;0.00;04.12.2023;21
"0301";"31600";"5200416";" ";0.000;-649.00;6482.00;0.00;04.12.2023;21
"0301";"31600";"5200417";" ";0.000;-535.00;5345.00;0.00;04.12.2023;21
"0301";"31600";"5200418";" ";0.000;-1461.00;14605.00;0.00;04.12.2023;21
"0301";"31600";"5200419";" ";0.000;-654.00;6547.00;0.00;04.12.2023;21
"0301";"31600";"5200424";" ";0.000;-111.00;1118.00;0.00;04.12.2023;21
"0301";"31600";"5200425";" ";0.000;-342.00;3424.00;0.00;04.12.2023;21
"0301";"31600";"5200427";" ";0.000;-404.00;4041.00;0.00;04.12.2023;21
"0301";"31600";"5200428";" ";0.000;-231.00;2315.00;0.00;04.12.2023;21
"0301";"31600";"5200441";" ";0.000;-114.00;1133.00;0.00;04.12.2023;21
"0301";"31600";"5200442";" ";0.000;-114.00;1133.00;0.00;04.12.2023;21
"0301";"31600";"5200443";" ";0.000;-274.00;2745.00;0.00;04.12.2023;21
"0301";"31600";"5200445";" ";0.000;-52.00;523.00;0.00;04.12.2023;21
"0301";"31600";"5200446";" ";0.000;-216.00;2159.00;0.00;04.12.2023;21
"0301";"31600";"5200448";" ";0.000;-231.00;2317.00;0.00;04.12.2023;21
"0301";"31600";"5200458";" ";0.000;-207.00;2072.00;0.00;04.12.2023;21
"0301";"31600";"5200473";" ";0.000;-62.00;408.00;0.00;04.12.2023;21
"0301";"31600";"5200474";" ";0.000;-77.00;519.00;0.00;04.12.2023;21
"0301";"31600";"5200475";" ";0.000;-64.00;431.00;0.00;04.12.2023;21
"0301";"31600";"5200476";" ";0.000;-101.00;668.00;0.00;04.12.2023;21
"0301";"31600";"5200477";" ";0.000;-184.00;1223.00;0.00;04.12.2023;21
"0301";"31600";"5200478";" ";0.000;-184.00;1223.00;0.00;04.12.2023;21
"0301";"31600";"5200483";" ";0.000;-56.00;567.00;0.00;04.12.2023;21
"0301";"31600";"5200486";" ";0.000;-62.00;408.00;0.00;04.12.2023;21
"0301";"31600";"5200487";" ";0.000;-104.00;693.00;0.00;04.12.2023;21
"0301";"31600";"5200488";" ";0.000;-136.00;912.00;0.00;04.12.2023;21
"0301";"31600";"5200490";" ";0.000;-65.00;652.00;0.00;04.12.2023;21
"0301";"31600";"5200493";" ";0.000;-101.00;667.00;0.00;04.12.2023;21
"0301";"31600";"5200494";" ";0.000;-207.00;1377.00;0.00;04.12.2023;21
"0301";"31600";"5200497";" ";0.000;-228.00;1528.00;0.00;04.12.2023;21
"0301";"31600";"5200498";" ";0.000;-68.00;450.00;0.00;04.12.2023;21
"0301";"31600";"5200502";" ";0.000;-67.00;676.00;0.00;04.12.2023;21
"0301";"31600";"5200503";" ";0.000;-199.00;1323.00;0.00;04.12.2023;21
"0301";"31600";"5200504";" ";0.000;-136.00;1352.00;0.00;04.12.2023;21
"0301";"31600";"5200505";" ";0.000;-287.00;1913.00;0.00;04.12.2023;21
"0301";"31600";"5200506";" ";0.000;-369.00;2459.00;0.00;04.12.2023;21
"0301";"31600";"5200507";" ";0.000;-369.00;2459.00;0.00;04.12.2023;21
"0301";"31600";"5200508";" ";0.000;-507.00;3383.00;0.00;04.12.2023;21
"0301";"31600";"5200509";" ";0.000;-507.00;3383.00;0.00;04.12.2023;21
"0301";"31600";"5200512";" ";0.000;-90.00;607.00;0.00;04.12.2023;21
"0301";"31600";"5200513";" ";0.000;-184.00;1223.00;0.00;04.12.2023;21
"0301";"31600";"5200514";" ";0.000;-228.00;1528.00;0.00;04.12.2023;21
"0301";"31600";"5200515";" ";0.000;-299.00;1992.00;0.00;04.12.2023;21
"0301";"31600";"5200516";" ";0.000;-461.00;3072.00;0.00;04.12.2023;21
"0301";"31600";"5200517";" ";0.000;-89.00;880.00;0.00;04.12.2023;21
"0301";"31600";"5200519";" ";0.000;-71.00;474.00;0.00;04.12.2023;21
"0301";"31600";"5200520";" ";0.000;-77.00;519.00;0.00;04.12.2023;21
"0301";"31600";"5200521";" ";0.000;-101.00;668.00;0.00;04.12.2023;21
"0301";"31600";"5200522";" ";0.000;-924.00;6158.00;0.00;04.12.2023;21
"0301";"31600";"5200523";" ";0.000;-855.00;5697.00;0.00;04.12.2023;21
"0301";"31600";"5200526";" ";0.000;-205.00;2058.00;0.00;04.12.2023;21
"0301";"31600";"5200527";" ";0.000;-266.00;2664.00;0.00;04.12.2023;21
"0301";"31600";"5200530";" ";0.000;-128.00;1279.00;0.00;04.12.2023;21
"0301";"31600";"5200531";" ";0.000;-182.00;1823.00;0.00;04.12.2023;21
"0301";"31600";"5200532";" ";0.000;-41.00;272.00;0.00;04.12.2023;21
"0301";"31600";"5200533";" ";0.000;-91.00;603.00;0.00;04.12.2023;21
"0301";"31600";"5200534";" ";0.000;-70.00;699.00;0.00;04.12.2023;21
"0301";"31600";"5200539";" ";0.000;-162.00;1621.00;0.00;04.12.2023;21
"0301";"31600";"5200540";" ";0.000;-218.00;2177.00;0.00;04.12.2023;21
"0301";"31600";"5200695";" ";0.000;-45.00;443.00;0.00;04.12.2023;21
"0301";"31600";"5200698";" ";0.000;-80.00;799.00;0.00;04.12.2023;21
"0301";"31600";"5200703";" ";0.000;-37.00;370.00;0.00;04.12.2023;21
"0301";"31600";"5200704";" ";0.000;-55.00;554.00;0.00;04.12.2023;21
"0301";"31600";"5200705";" ";0.000;-18.00;186.00;0.00;04.12.2023;21
"0301";"31600";"5200706";" ";0.000;-40.00;396.00;0.00;04.12.2023;21
"0301";"31600";"5200707";" ";0.000;-51.00;507.00;0.00;04.12.2023;21
"0301";"31600";"5200708";" ";0.000;-18.00;178.00;0.00;04.12.2023;21
"0301";"31600";"5201305";" ";0.000;-39.00;384.00;0.00;04.12.2023;21
"0301";"31600";"5201306";" ";0.000;-75.00;754.00;0.00;04.12.2023;21
"0301";"31600";"5201338";" ";0.000;-1465.00;9766.00;0.00;04.12.2023;21
"0301";"31600";"5201340";" ";0.000;-1466.00;11586.00;0.00;04.12.2023;21
"0301";"31600";"5201362";" ";0.000;-137.00;2742.00;0.00;04.12.2023;21
"0301";"31600";"5201363";" ";0.000;-137.00;4562.00;0.00;04.12.2023;21
"0301";"31600";"5201364";" ";0.000;-152.00;3049.00;0.00;04.12.2023;21
"0301";"31600";"5201365";" ";0.000;-152.00;4869.00;0.00;04.12.2023;21
"0301";"31600";"5201367";" ";0.000;-152.00;3049.00;0.00;04.12.2023;21
"0301";"31600";"5201368";" ";0.000;-152.00;4869.00;0.00;04.12.2023;21
"0301";"31600";"5201438";" ";0.000;259.00;2995.00;0.00;04.12.2023;21
"0301";"31600";"5201439";" ";0.000;259.00;2995.00;0.00;04.12.2023;21
"0301";"31600";"5201442";" ";0.000;259.00;4815.00;0.00;04.12.2023;21
"0301";"31600";"5201594";" ";0.000;-297.00;2981.00;0.00;04.12.2023;21
"0301";"31600";"5201855";" ";0.000;-505.00;2347.00;0.00;04.12.2023;21
"0301";"31600";"5201856";" ";0.000;-1102.00;3470.00;0.00;04.12.2023;21
"0301";"31600";"5201856";"1";0.000;-1102.00;3470.00;0.00;04.12.2023;21
"0301";"31600";"5201867";" ";0.000;-113.00;2251.00;0.00;04.12.2023;21
"0301";"31600";"5201871";" ";0.000;-51.00;1009.00;0.00;04.12.2023;21
"0301";"31600";"5201872";" ";0.000;-25.00;488.00;0.00;04.12.2023;21
"0301";"31600";"5201873";" ";6.000;-1.00;35.00;0.00;04.12.2023;21
"0301";"31600";"5201874";" ";0.000;-27.00;541.00;0.00;04.12.2023;21
"0301";"31600";"5201875";" ";0.000;123.00;399.00;0.00;04.12.2023;21
"0301";"31600";"5201876";" ";0.000;-9.00;178.00;0.00;04.12.2023;21
"0301";"31600";"5201877";" ";0.000;-45.00;900.00;0.00;04.12.2023;21
"0301";"31600";"5201878";" ";0.000;-82.00;1637.00;0.00;04.12.2023;21
"0301";"31600";"5201879";" ";0.000;-74.00;1481.00;0.00;04.12.2023;21
"0301";"31600";"5201880";" ";0.000;-75.00;1500.00;0.00;04.12.2023;21
"0301";"31600";"5201883";" ";0.000;-41.00;814.00;0.00;04.12.2023;21
"0301";"31600";"5201884";" ";0.000;-45.00;900.00;0.00;04.12.2023;21
"0301";"31600";"5201885";" ";0.000;-163.00;3256.00;0.00;04.12.2023;21
"0301";"31600";"5201887";" ";0.000;364.00;859.00;0.00;04.12.2023;21
"0301";"31600";"5201889";" ";0.000;-51.00;1009.00;0.00;04.12.2023;21
"0301";"31600";"5201890";" ";0.000;-102.00;2027.00;0.00;04.12.2023;21
"0301";"31600";"5201891";" ";0.000;-37.00;750.00;0.00;04.12.2023;21
"0301";"31600";"5201892";" ";0.000;-52.00;1051.00;0.00;04.12.2023;21
"0301";"31600";"5201893";" ";0.000;-102.00;2027.00;0.00;04.12.2023;21
"0301";"31600";"5201895";" ";0.000;-37.00;750.00;0.00;04.12.2023;21
"0301";"31600";"5201896";" ";0.000;-99.00;1977.00;0.00;04.12.2023;21
"0301";"31600";"5201897";" ";0.000;-141.00;2837.00;0.00;04.12.2023;21
"0301";"31600";"5201899";" ";0.000;307.00;592.00;0.00;04.12.2023;21
"0301";"31600";"5201900";" ";0.000;-34.00;668.00;0.00;04.12.2023;21
"0301";"31600";"5201901";" ";0.000;34.00;80.00;0.00;04.12.2023;21
"0301";"31600";"5201902";" ";0.000;126.00;900.00;0.00;04.12.2023;21
"0301";"31600";"5201903";" ";0.000;19.00;77.00;0.00;04.12.2023;21
"0301";"31600";"5201904";" ";0.000;62.00;144.00;0.00;04.12.2023;21
"0301";"31600";"5201905";" ";0.000;89.00;211.00;0.00;04.12.2023;21
"0301";"31600";"5201906";" ";0.000;-12.00;252.00;0.00;04.12.2023;21
"0301";"31600";"5201907";" ";0.000;293.00;688.00;0.00;04.12.2023;21
"0301";"31600";"5201908";" ";0.000;-421.00;8419.00;0.00;04.12.2023;21
"0301";"31600";"5201909";" ";0.000;-79.00;1566.00;0.00;04.12.2023;21
"0301";"31600";"5201911";" ";0.000;-325.00;2456.00;0.00;04.12.2023;21
"0301";"31600";"5201913";" ";0.000;-839.00;3496.00;0.00;04.12.2023;21
"0301";"31600";"5201914";" ";0.000;-180.00;3615.00;0.00;04.12.2023;21
"0301";"31600";"5201915";" ";0.000;1420.00;6040.00;0.00;04.12.2023;21
"0301";"31600";"5201916";" ";0.000;-52.00;1047.00;0.00;04.12.2023;21
"0301";"31600";"5201917";" ";0.000;-90.00;1805.00;0.00;04.12.2023;21
"0301";"31600";"5201918";" ";0.000;-90.00;1805.00;0.00;04.12.2023;21
"0301";"31600";"5201919";" ";0.000;-81.00;1624.00;0.00;04.12.2023;21
"0301";"31600";"5201923";" ";0.000;-52.00;1047.00;0.00;04.12.2023;21
"0301";"31600";"5201924";" ";0.000;-90.00;1805.00;0.00;04.12.2023;21
"0301";"31600";"5201925";" ";0.000;-90.00;1805.00;0.00;04.12.2023;21
"0301";"31600";"5201926";" ";0.000;-52.00;1047.00;0.00;04.12.2023;21
"0301";"31600";"5201927";" ";0.000;-90.00;1805.00;0.00;04.12.2023;21
"0301";"31600";"5201928";" ";0.000;-90.00;1805.00;0.00;04.12.2023;21
"0301";"31600";"5201929";" ";0.000;-159.00;3180.00;0.00;04.12.2023;21
"0301";"31600";"5201931";" ";0.000;-73.00;1465.00;0.00;04.12.2023;21
"0301";"31600";"5201932";" ";0.000;-52.00;1047.00;0.00;04.12.2023;21
"0301";"31600";"5201933";" ";0.000;-90.00;1805.00;0.00;04.12.2023;21
"0301";"31600";"5201934";" ";0.000;-90.00;1805.00;0.00;04.12.2023;21
"0301";"31600";"5201935";" ";0.000;-72.00;1454.00;0.00;04.12.2023;21
"0301";"31600";"5201936";" ";0.000;-35.00;704.00;0.00;04.12.2023;21
"0301";"31600";"5201937";" ";0.000;-21.00;420.00;0.00;04.12.2023;21
"0301";"31600";"5201939";" ";0.000;-80.00;1596.00;0.00;04.12.2023;21
"0301";"31600";"5201940";" ";0.000;-80.00;1596.00;0.00;04.12.2023;21
"0301";"31600";"5201941";" ";0.000;-359.00;7191.00;0.00;04.12.2023;21
"0301";"31600";"5201942";" ";0.000;-669.00;13392.00;0.00;04.12.2023;21
"0301";"31600";"5201943";" ";0.000;-30.00;613.00;0.00;04.12.2023;21
"0301";"31600";"5201944";" ";0.000;-44.00;874.00;0.00;04.12.2023;21
"0301";"31600";"5201947";" ";0.000;-39.00;767.00;0.00;04.12.2023;21
"0301";"31600";"5201949";" ";0.000;-52.00;1051.00;0.00;04.12.2023;21
"0301";"31600";"5201950";" ";0.000;-11.00;217.00;0.00;04.12.2023;21
"0301";"31600";"5201951";" ";0.000;-17.00;344.00;0.00;04.12.2023;21
"0301";"31600";"5201952";" ";0.000;-17.00;344.00;0.00;04.12.2023;21
"0301";"31600";"5201953";" ";0.000;-8.00;174.00;0.00;04.12.2023;21
"0301";"31600";"5201954";" ";0.000;-221.00;4412.00;0.00;04.12.2023;21
"0301";"31600";"5201955";" ";0.000;-14.00;5839.00;0.00;04.12.2023;21
"0301";"31600";"5201956";" ";0.000;-19.00;7675.00;0.00;04.12.2023;21
"0301";"31600";"5201959";" ";0.000;-499.00;3323.00;0.00;04.12.2023;21
"0301";"31600";"5201960";" ";0.000;-18.00;120.00;0.00;04.12.2023;21
"0301";"31600";"5201961";" ";0.000;-49.00;330.00;0.00;04.12.2023;21
"0301";"31600";"5201962";" ";0.000;-650.00;4333.00;0.00;04.12.2023;21
"0301";"31600";"5201963";" ";0.000;-37.00;246.00;0.00;04.12.2023;21
"0301";"31600";"5201965";" ";0.000;-61.00;403.00;0.00;04.12.2023;21
"0301";"31600";"5201966";" ";0.000;-36.00;242.00;0.00;04.12.2023;21
"0301";"31600";"5201968";" ";0.000;-6.00;42.00;0.00;04.12.2023;21
"0301";"31600";"5201969";" ";0.000;-68.00;450.00;0.00;04.12.2023;21
"0301";"31600";"5201970";" ";0.000;-33.00;217.00;0.00;04.12.2023;21
"0301";"31600";"5201971";" ";0.000;-1801.00;12015.00;0.00;04.12.2023;21
"0301";"31600";"5201972";" ";0.000;-1351.00;9013.00;0.00;04.12.2023;21
"0301";"31600";"5201973";" ";0.000;-67.00;443.00;0.00;04.12.2023;21
"0301";"31600";"5201974";" ";0.000;-382.00;2552.00;0.00;04.12.2023;21
"0301";"31600";"5201975";" ";0.000;-473.00;3153.00;0.00;04.12.2023;21
"0301";"31600";"5201976";" ";0.000;-2115.00;14099.00;0.00;04.12.2023;21
"0301";"31600";"5201977";" ";0.000;-1860.00;12399.00;0.00;04.12.2023;21
"0301";"31600";"5201978";" ";0.000;-149.00;995.00;0.00;04.12.2023;21
"0301";"31600";"5201979";" ";0.000;-542.00;3613.00;0.00;04.12.2023;21
"0301";"31600";"5201980";" ";0.000;-1048.00;5239.00;0.00;04.12.2023;21
"0301";"31600";"5201981";" ";0.000;-1301.00;6503.00;0.00;04.12.2023;21
"0301";"31600";"5202016";" ";0.000;-1332.00;8879.00;0.00;04.12.2023;21
"0301";"31600";"5202039";" ";0.000;-211.00;2122.00;0.00;04.12.2023;21
"0301";"31600";"5202040";" ";0.000;-208.00;2079.00;0.00;04.12.2023;21
"0301";"31600";"5202041";" ";0.000;-286.00;2865.00;0.00;04.12.2023;21
"0301";"31600";"5202042";" ";0.000;-126.00;840.00;0.00;04.12.2023;21
"0301";"31600";"5202043";" ";0.000;-33.00;327.00;0.00;04.12.2023;21
"0301";"31600";"5202045";" ";0.000;-2146.00;14307.00;0.00;04.12.2023;21
"0301";"31600";"5202048";" ";0.000;-2253.00;15023.00;0.00;04.12.2023;21
"0301";"31600";"5202051";" ";0.000;-2384.00;15891.00;0.00;04.12.2023;21
"0301";"31600";"5202060";" ";0.000;-2692.00;17949.00;0.00;04.12.2023;21
"0301";"31600";"5202063";" ";0.000;-4218.00;28117.00;0.00;04.12.2023;21
"0301";"31600";"5202075";" ";0.000;-1332.00;10699.00;0.00;04.12.2023;21
"0301";"31600";"5202147";" ";0.000;-528.00;3528.00;0.00;04.12.2023;21
"0301";"31600";"5202148";" ";0.000;-384.00;7673.00;0.00;04.12.2023;21
"0301";"31600";"5202149";" ";0.000;-1755.00;17555.00;0.00;04.12.2023;21
"0301";"31600";"5202150";" ";0.000;-1506.00;15068.00;0.00;04.12.2023;21
"0301";"31600";"5202155";" ";0.000;-1146.00;11465.00;0.00;04.12.2023;21
"0301";"31600";"5202156";" ";0.000;-1146.00;11465.00;0.00;04.12.2023;21
"0301";"31600";"5202158";" ";0.000;-1016.00;10164.00;0.00;04.12.2023;21
"0301";"31600";"5202173";" ";0.000;-411.00;4120.00;0.00;04.12.2023;21
"0301";"31600";"5202174";" ";0.000;-327.00;3262.00;0.00;04.12.2023;21
"0301";"31600";"5202175";" ";0.000;-411.00;4120.00;0.00;04.12.2023;21
"0301";"31600";"5202176";" ";0.000;-465.00;4644.00;0.00;04.12.2023;21
"0301";"31600";"5202177";" ";0.000;-429.00;4293.00;0.00;04.12.2023;21
"0301";"31600";"5202178";" ";0.000;-377.00;3775.00;0.00;04.12.2023;21
"0301";"31600";"5202179";" ";0.000;-308.00;3090.00;0.00;04.12.2023;21
"0301";"31600";"5202180";" ";0.000;-377.00;3776.00;0.00;04.12.2023;21
"0301";"31600";"5202182";" ";0.000;-77.00;1550.00;0.00;04.12.2023;21
"0301";"31600";"5202199";" ";0.000;-350.00;2333.00;0.00;04.12.2023;21
"0301";"31600";"5202216";" ";0.000;-352.00;3521.00;0.00;04.12.2023;21
"0301";"31600";"5202217";" ";0.000;-426.00;4262.00;0.00;04.12.2023;21
"0301";"31600";"5202218";" ";0.000;-426.00;4262.00;0.00;04.12.2023;21
"0301";"31600";"5202219";" ";0.000;-596.00;5971.00;0.00;04.12.2023;21
"0301";"31600";"5202220";" ";0.000;-332.00;3311.00;0.00;04.12.2023;21
"0301";"31600";"5202226";" ";0.000;-1086.00;10860.00;0.00;04.12.2023;21
"0301";"31600";"5202227";" ";0.000;-1151.00;11513.00;0.00;04.12.2023;21
"0301";"31600";"5202228";" ";0.000;-1123.00;11225.00;0.00;04.12.2023;21
"0301";"31600";"5202229";" ";0.000;-1193.00;11933.00;0.00;04.12.2023;21
"0301";"31600";"5202230";" ";0.000;-1185.00;11850.00;0.00;04.12.2023;21
"0301";"31600";"5202231";" ";0.000;-1264.00;12648.00;0.00;04.12.2023;21
"0301";"31600";"5202232";" ";0.000;-1205.00;12053.00;0.00;04.12.2023;21
"0301";"31600";"5202233";" ";0.000;-1288.00;12871.00;0.00;04.12.2023;21
"0301";"31600";"5202234";" ";0.000;-2056.00;20553.00;0.00;04.12.2023;21
"0301";"31600";"5202235";" ";0.000;-2164.00;21644.00;0.00;04.12.2023;21
"0301";"31600";"5202238";" ";0.000;-714.00;7143.00;0.00;04.12.2023;21
"0301";"31600";"5202239";" ";0.000;-786.00;7858.00;0.00;04.12.2023;21
"0301";"31600";"5202240";" ";0.000;-926.00;9259.00;0.00;04.12.2023;21
"0301";"31600";"5202241";" ";0.000;-1019.00;10185.00;0.00;04.12.2023;21
"0301";"31600";"5202242";" ";0.000;-667.00;6666.00;0.00;04.12.2023;21
"0301";"31600";"5202243";" ";0.000;-733.00;7331.00;0.00;04.12.2023;21
"0301";"31600";"5202247";" ";0.000;-320.00;3205.00;0.00;04.12.2023;21
"0301";"31600";"5202248";" ";0.000;-321.00;5025.00;0.00;04.12.2023;21
"0301";"31600";"5202249";" ";0.000;-332.00;3332.00;0.00;04.12.2023;21
"0301";"31600";"5202250";" ";0.000;-333.00;5152.00;0.00;04.12.2023;21
"0301";"31600";"5202251";" ";0.000;-396.00;3972.00;0.00;04.12.2023;21
"0301";"31600";"5202252";" ";0.000;-397.00;5792.00;0.00;04.12.2023;21
"0301";"31600";"5202253";" ";0.000;-1989.00;9944.00;0.00;04.12.2023;21
"0301";"31600";"5202254";" ";0.000;-1990.00;11764.00;0.00;04.12.2023;21
"0301";"31600";"5202255";" ";0.000;-1562.00;15621.00;0.00;04.12.2023;21
"0301";"31600";"5202256";" ";0.000;-1562.00;17441.00;0.00;04.12.2023;21
"0301";"31600";"5202261";" ";0.000;-599.00;3989.00;0.00;04.12.2023;21
"0301";"31600";"5202269";" ";0.000;-373.00;2488.00;0.00;04.12.2023;21
"0301";"31600";"5202270";" ";0.000;-373.00;2488.00;0.00;04.12.2023;21
"0301";"31600";"5202271";" ";0.000;-397.00;2645.00;0.00;04.12.2023;21
"0301";"31600";"5202272";" ";0.000;-444.00;2958.00;0.00;04.12.2023;21
"0301";"31600";"5202273";" ";0.000;-400.00;4006.00;0.00;04.12.2023;21
"0301";"31600";"5202274";" ";0.000;-283.00;2177.00;0.00;04.12.2023;21
"0301";"31600";"5202275";" ";0.000;-424.00;2488.00;0.00;04.12.2023;21
"0301";"31600";"5202276";" ";0.000;-436.00;2177.00;0.00;04.12.2023;21
"0301";"31600";"5202277";" ";0.000;-341.00;2271.00;0.00;04.12.2023;21
"0301";"31600";"5202278";" ";0.000;-341.00;2271.00;0.00;04.12.2023;21
"0301";"31600";"5202279";" ";0.000;-350.00;2333.00;0.00;04.12.2023;21
"0301";"31600";"5202280";" ";0.000;-288.00;1861.00;0.00;04.12.2023;21
"0301";"31600";"5202281";" ";0.000;-422.00;2177.00;0.00;04.12.2023;21
"0301";"31600";"5202282";" ";0.000;-280.00;1861.00;0.00;04.12.2023;21
"0301";"31600";"5202283";" ";0.000;-336.00;2018.00;0.00;04.12.2023;21
"0301";"31600";"5202284";" ";0.000;-218.00;1706.00;0.00;04.12.2023;21
"0301";"31600";"5202285";" ";0.000;-373.00;1861.00;0.00;04.12.2023;21
"0301";"31600";"5202286";" ";0.000;-312.00;1861.00;0.00;04.12.2023;21
"0301";"31600";"5202287";" ";0.000;-373.00;2488.00;0.00;04.12.2023;21
"0301";"31600";"5202288";" ";0.000;-373.00;2488.00;0.00;04.12.2023;21
"0301";"31600";"5202289";" ";0.000;-491.00;3272.00;0.00;04.12.2023;21
"0301";"31600";"5202290";" ";0.000;-444.00;2958.00;0.00;04.12.2023;21
"0301";"31600";"5202291";" ";0.000;-295.00;2958.00;0.00;04.12.2023;21
"0301";"31600";"5202292";" ";0.000;-560.00;2801.00;0.00;04.12.2023;21
"0301";"31600";"5202293";" ";0.000;-248.00;2488.00;0.00;04.12.2023;21
"0301";"31600";"5202294";" ";0.000;-316.00;1550.00;0.00;04.12.2023;21
"0301";"31600";"5202295";" ";0.000;-444.00;2958.00;0.00;04.12.2023;21
"0301";"31600";"5202296";" ";0.000;-491.00;3272.00;0.00;04.12.2023;21
"0301";"31600";"5202297";" ";0.000;-350.00;2333.00;0.00;04.12.2023;21
"0301";"31600";"5202298";" ";0.000;-397.00;2645.00;0.00;04.12.2023;21
"0301";"31600";"5202299";" ";0.000;-218.00;2177.00;0.00;04.12.2023;21
"0301";"31600";"5202300";" ";0.000;-218.00;2177.00;0.00;04.12.2023;21
"0301";"31600";"5202301";" ";0.000;-219.00;1235.00;0.00;04.12.2023;21
"0301";"31600";"5202302";" ";0.000;-350.00;2333.00;0.00;04.12.2023;21
"0301";"31600";"5202303";" ";0.000;-458.00;3053.00;0.00;04.12.2023;21
"0301";"31600";"5202304";" ";0.000;-397.00;2645.00;0.00;04.12.2023;21
"0301";"31600";"5202305";" ";0.000;-374.00;2488.00;0.00;04.12.2023;21
"0301";"31600";"5202306";" ";0.000;-436.00;2177.00;0.00;04.12.2023;21
"0301";"31600";"5202307";" ";0.000;-397.00;2645.00;0.00;04.12.2023;21
"0301";"31600";"5202308";" ";0.000;-373.00;2488.00;0.00;04.12.2023;21
"0301";"31600";"5202309";" ";0.000;-255.00;1706.00;0.00;04.12.2023;21
"0301";"31600";"5202310";" ";0.000;-255.00;1706.00;0.00;04.12.2023;21
"0301";"31600";"5202311";" ";0.000;-281.00;1394.00;0.00;04.12.2023;21
"0301";"31600";"5202312";" ";0.000;-281.00;1394.00;0.00;04.12.2023;21
"0301";"31600";"5202313";" ";0.000;-468.00;3115.00;0.00;04.12.2023;21
"0301";"31600";"5202314";" ";0.000;-530.00;5299.00;0.00;04.12.2023;21
"0301";"31600";"5202315";" ";0.000;-567.00;5676.00;0.00;04.12.2023;21
"0301";"31600";"5202318";" ";0.000;-288.00;2877.00;0.00;04.12.2023;21
"0301";"31600";"5202319";" ";0.000;-288.00;4697.00;0.00;04.12.2023;21
"0301";"31600";"5202320";" ";0.000;-610.00;4879.00;0.00;04.12.2023;21
"0301";"31600";"5202333";" ";0.000;-69.00;1377.00;0.00;04.12.2023;21
"0301";"31600";"5202376";" ";0.000;-404.00;4044.00;0.00;04.12.2023;21
"0301";"31600";"5202383";" ";0.000;-1164.00;11640.00;0.00;04.12.2023;21
"0301";"31600";"5202384";" ";0.000;-1242.00;12424.00;0.00;04.12.2023;21
"0301";"31600";"5202385";" ";0.000;-1184.00;11840.00;0.00;04.12.2023;21
"0301";"31600";"5202386";" ";0.000;-1265.00;12640.00;0.00;04.12.2023;21
"0301";"31600";"5202391";" ";0.000;-319.00;3200.00;0.00;04.12.2023;21
"0301";"31600";"5202392";" ";0.000;-296.00;2954.00;0.00;04.12.2023;21
"0301";"31600";"5202393";" ";0.000;-418.00;4176.00;0.00;04.12.2023;21
"0301";"31600";"5202394";" ";0.000;-393.00;3929.00;0.00;04.12.2023;21
"0301";"31600";"5202395";" ";0.000;-367.00;3663.00;0.00;04.12.2023;21
"0301";"31600";"5202396";" ";0.000;-337.00;3370.00;0.00;04.12.2023;21
"0301";"31600";"5202397";" ";0.000;-437.00;4374.00;0.00;04.12.2023;21
"0301";"31600";"5202398";" ";0.000;-418.00;4170.00;0.00;04.12.2023;21
"0301";"31600";"5202408";" ";0.000;-2.00;48.00;0.00;04.12.2023;21
"0301";"31600";"5202409";" ";0.000;-156.00;3113.00;0.00;04.12.2023;21
"0301";"31600";"5202410";" ";0.000;-360.00;3602.00;0.00;04.12.2023;21
"0301";"31600";"5202424";" ";0.000;-1799.00;17991.00;0.00;04.12.2023;21
"0301";"31600";"5202425";" ";0.000;-231.00;4171.00;0.00;04.12.2023;21
"0301";"31600";"5202430";" ";0.000;-1177.00;22331.00;0.00;04.12.2023;21
"0301";"31600";"5202431";" ";0.000;-348.00;3488.00;0.00;04.12.2023;21
"0301";"31600";"5202432";" ";0.000;-1460.00;27742.00;0.00;04.12.2023;21
"0301";"31600";"5202433";" ";0.000;-50.00;1022.00;0.00;04.12.2023;21
"0301";"31600";"5202434";" ";0.000;-45.00;930.00;0.00;04.12.2023;21
"0301";"31600";"5202435";" ";0.000;-122.00;2442.00;0.00;04.12.2023;21
"0301";"31600";"5202437";" ";0.000;-1096.00;7307.00;0.00;04.12.2023;21
"0301";"31600";"5202439";" ";0.000;-1790.00;17910.00;0.00;04.12.2023;21
"0301";"31600";"5202442";" ";0.000;-19.00;393.00;0.00;04.12.2023;21
"0301";"31600";"5202443";" ";0.000;-98.00;655.00;0.00;04.12.2023;21
"0301";"31600";"6300002";" ";0.000;-68.00;2851.00;0.00;04.12.2023;21
"0301";"31600";"6300005";" ";0.000;-159.00;3169.00;0.00;04.12.2023;21
"0301";"31600";"6300009";" ";0.000;-71.00;3556.00;0.00;04.12.2023;21
"0301";"31600";"6300010";" ";0.000;-1692.00;16925.00;0.00;04.12.2023;21
"0301";"31600";"6300012";" ";0.000;-184.00;3680.00;0.00;04.12.2023;21
"0301";"31600";"6300013";" ";0.000;-2192.00;21920.00;0.00;04.12.2023;21
"0301";"31600";"6300014";" ";0.000;-1719.00;17180.00;0.00;04.12.2023;21
"0301";"31600";"6300016";" ";0.000;-1506.00;15068.00;0.00;04.12.2023;21
"0301";"31600";"6300032";" ";0.000;-428.00;4273.00;0.00;04.12.2023;21
"0301";"31600";"6300033";" ";0.000;-2246.00;22468.00;0.00;04.12.2023;21
"0301";"31600";"6300034";" ";0.000;-1789.00;17898.00;0.00;04.12.2023;21
"0301";"31600";"6300035";" ";0.000;-809.00;8088.00;0.00;04.12.2023;21
"0301";"31600";"6300036";" ";0.000;-809.00;8088.00;0.00;04.12.2023;21
"0301";"31600";"6300040";" ";0.000;-1750.00;11666.00;0.00;04.12.2023;21
"0301";"31600";"6300041";" ";0.000;-1939.00;19381.00;0.00;04.12.2023;21
"0301";"31600";"6300042";" ";0.000;-2467.00;24669.00;0.00;04.12.2023;21
"0301";"31600";"6300048";" ";0.000;-2289.00;22892.00;0.00;04.12.2023;21
"0301";"31600";"6300049";" ";0.000;-2772.00;27716.00;0.00;04.12.2023;21
"0301";"31600";"6300050";" ";0.000;-2445.00;24454.00;0.00;04.12.2023;21
"0301";"31600";"6300051";" ";0.000;-2956.00;29563.00;0.00;04.12.2023;21
"0301";"31600";"6300055";" ";0.000;-957.00;6379.00;0.00;04.12.2023;21
"0301";"31600";"6300056";" ";0.000;-246.00;2468.00;0.00;04.12.2023;21
"0301";"31600";"6300057";" ";0.000;-315.00;3152.00;0.00;04.12.2023;21
"0301";"31600";"6300058";" ";0.000;-315.00;3152.00;0.00;04.12.2023;21
"0301";"31600";"6300059";" ";0.000;-139.00;2777.00;0.00;04.12.2023;21
"0301";"31600";"6300060";" ";0.000;-144.00;2876.00;0.00;04.12.2023;21
"0301";"31600";"6300063";" ";0.000;-1388.00;9255.00;0.00;04.12.2023;21
"0301";"31600";"6300064";" ";0.000;-1388.00;9255.00;0.00;04.12.2023;21
"0301";"31600";"6300065";" ";0.000;-439.00;5814.00;0.00;04.12.2023;21
"0301";"31600";"6300066";" ";0.000;-97.00;1936.00;0.00;04.12.2023;21
"0301";"31600";"6300068";" ";0.000;-1269.00;8460.00;0.00;04.12.2023;21
"0301";"31600";"6300071";" ";0.000;-837.00;5579.00;0.00;04.12.2023;21
"0301";"31600";"6300072";" ";0.000;-837.00;5579.00;0.00;04.12.2023;21
"0301";"31600";"6300084";" ";0.000;-1719.00;17180.00;0.00;04.12.2023;21
"0301";"31600";"6300090";" ";0.000;-1939.00;19381.00;0.00;04.12.2023;21
"0301";"31600";"6300099";" ";0.000;-2289.00;22892.00;0.00;04.12.2023;21
"0301";"31600";"6300100";" ";0.000;-2445.00;24454.00;0.00;04.12.2023;21
"0502";"13149";"1010691";"3";5.080;431.00;198.90;875.80;04.12.2023;21
"0502";"13156";"7211104";" ";1.000;270.00;111.24;81.00;05.12.2023;21
"0501";"13157";"7216504";" ";1.000;270.00;111.24;81.00;05.12.2023;21
"0501";"13157";"7216502";" ";1.000;167.00;57.07;50.10;05.12.2023;21
"0502";"13158";"6002670";"3";11.970;469.00;199.17;842.09;05.12.2023;21
"0221";" 3467";"1008382";"3";29.500;587.00;295.06;0.00;05.12.2023;21
"0502";"13159";"5301571";"8";4.950;809.00;203.28;600.69;05.12.2023;21
"0502";"13159";"5301530";"6";5.400;859.00;210.27;695.79;05.12.2023;21
"0502";"13159";"5301569";"E";14.850;845.00;205.34;1882.25;05.12.2023;21
"0502";"13159";"5301529";"=";2.700;859.00;234.12;347.90;05.12.2023;21
"0501";"13160";"7902025";" ";8.000;596.00;255.97;1192.00;06.12.2023;21
"0202";"30284";"2700119";" ";3.000;1268.00;419.70;0.00;05.12.2023;21
"0202";"30284";"2700117";" ";2.000;4755.00;1778.99;0.00;05.12.2023;21
"0202";"30284";"2700118";" ";3.000;669.00;215.63;0.00;05.12.2023;21
"0202";"30284";"2700072";" ";2.000;423.00;152.89;0.00;05.12.2023;21
"0202";"30284";"2700121";" ";1.000;1762.00;1092.00;0.00;05.12.2023;21
"0202";"30285";"9172436";"3";1.000;531.00;373.15;0.00;05.12.2023;21
"0202";"30286";"9992317";" ";1.000;6830.00;3499.67;0.00;05.12.2023;21
"0502";"13144";"9992317";" ";1.000;6830.00;3499.67;683.00;01.12.2023;21
"0502";"13161";"7213504";" ";2.000;204.00;84.08;122.40;05.12.2023;21
"0504";"13163";"1301873";" ";1.000;348.00;172.80;52.20;05.12.2023;21
"0502";"13164";"2700117";" ";1.000;4755.00;1778.99;0.00;05.12.2023;21
"0502";"13164";"4002432";"7";10.500;755.00;333.03;1981.88;05.12.2023;21
"0502";"13164";"5800024";" ";12.000;254.00;152.41;304.80;05.12.2023;21
"0502";"13164";"7218702";" ";1.000;167.00;56.31;50.10;05.12.2023;21
"0502";"13164";"7216504";" ";1.000;270.00;111.24;81.00;05.12.2023;21
"0501";"13165";"7210102";" ";1.000;132.00;50.20;33.00;05.12.2023;21
"0502";"13166";"7202800";" ";6.000;269.00;115.41;564.90;06.12.2023;21
"0501";"13167";"7772625";" ";1.000;335.00;193.74;33.50;06.12.2023;21
"0501";"13160";"7900110";" ";1.000;1416.00;608.20;354.00;06.12.2023;21
"0221";" 3468";"4990347";" ";1.000;7990.00;3438.02;0.00;06.12.2023;21
"0202";"30287";"2900042";" ";140.000;9.00;5.48;0.00;06.12.2023;21
"0502";"13168";"2900042";" ";140.000;9.00;5.48;0.00;06.12.2023;21
"0221";" 3469";"4002699";"4";24.840;699.00;245.36;0.00;06.12.2023;21
"0221";" 3469";"6004241";"2";15.680;655.00;210.52;0.00;06.12.2023;21
"0221";" 3469";"6004237";"2";8.960;655.00;221.84;0.00;06.12.2023;21
"0221";" 3469";"2003705";"1";6.000;689.00;241.57;0.00;06.12.2023;21
"0221";" 3469";"5300421";"4";2.000;605.00;132.18;0.00;06.12.2023;21
"0221";" 3469";"2003776";"2";18.360;1015.00;356.89;0.00;06.12.2023;21
"0221";" 3469";"1002226";"6";15.000;557.00;279.92;0.00;06.12.2023;21
"0221";" 3469";"1005535";":";5.400;169.00;49.00;0.00;06.12.2023;21
"0221";" 3469";"2003702";"2";16.000;689.00;272.25;0.00;06.12.2023;21
"0221";" 3469";"3086010";"3";57.600;499.00;180.84;0.00;06.12.2023;21
"0221";" 3469";"5302032";"2";40.000;845.00;182.63;0.00;06.12.2023;21
"0502";"13169";"2003776";"2";18.360;1015.00;356.89;2795.30;06.12.2023;21
"0502";"13170";"4002699";"4";24.840;699.00;245.36;5209.00;11.12.2023;21
"0502";"13169";"     24";" ";1.000;-1500.00;0.00;0.00;06.12.2023;21
"0502";"13171";"6004241";"2";15.680;655.00;210.52;1540.60;06.12.2023;21
"0502";"13171";"6004237";"2";8.960;655.00;221.84;880.30;06.12.2023;21
"0502";"13171";"2003705";"1";6.000;689.00;241.57;620.10;06.12.2023;21
"0502";"13159";"5300421";"4";2.000;605.00;132.18;181.50;05.12.2023;21
"0502";"13172";"1002226";"6";15.000;557.00;279.92;3342.00;06.12.2023;21
"0502";"13173";"2003702";"2";16.000;689.00;272.25;2756.00;08.12.2023;21
"0501";"13174";"3086010";"3";22.800;499.00;180.84;1706.60;07.12.2023;21
"0502";"13175";"1005535";":";5.400;169.00;49.00;0.00;06.12.2023;21
"0520";" 3470";"6003131";";";4.050;399.00;81.00;0.00;06.12.2023;21
"0502";"13169";"7123456";" ";4.000;268.00;163.28;107.20;06.12.2023;21
"0502";"13176";"6002674";"B";2.700;399.00;172.68;161.60;06.12.2023;21
"0502";"13176";"7200200";" ";1.000;269.00;115.41;67.25;06.12.2023;21
"0202";"30288";"8003015";"2";1.000;460.00;368.60;0.00;06.12.2023;21
"0502";"13177";"4990347";" ";1.000;7990.00;3438.02;1997.50;08.12.2023;21
"0502";"13170";"     51";" ";1.000;590.00;0.00;0.00;11.12.2023;21
"0502";"13170";"     71";" ";1.000;-590.00;0.00;0.00;11.12.2023;21
"0502";"13178";"2003453";"5";53.750;789.00;194.53;6361.30;06.12.2023;21
"0501";"13179";"7210102";" ";1.000;132.00;50.20;33.00;07.12.2023;21
"0501";"13180";"3086010";"3";18.000;499.00;180.84;1347.30;07.12.2023;21
"0301";"31601";"3000009";" ";0.000;2147.00;18.00;0.00;07.12.2023;21
"0301";"31601";"3000023";" ";0.000;1990.00;69.00;0.00;07.12.2023;21
"0301";"31601";"3000153";" ";2.880;20.00;499.00;0.00;07.12.2023;21
"0301";"31601";"3000153";"1";10.080;20.00;499.00;0.00;07.12.2023;21
"0301";"31601";"3000153";"2";0.000;20.00;499.00;0.00;07.12.2023;21
"0301";"31601";"3000153";"3";0.000;20.00;499.00;0.00;07.12.2023;21
"0301";"31601";"3000153";"4";10.080;20.00;499.00;0.00;07.12.2023;21
"0301";"31601";"3000153";"5";48.960;20.00;499.00;0.00;07.12.2023;21
"0301";"31601";"3000154";" ";0.000;20.00;499.00;0.00;07.12.2023;21
"0301";"31601";"3000154";"1";0.000;20.00;499.00;0.00;07.12.2023;21
"0301";"31601";"3000154";"2";0.000;20.00;499.00;0.00;07.12.2023;21
"0301";"31601";"3000154";"3";0.000;20.00;499.00;0.00;07.12.2023;21
"0301";"31601";"3000154";"4";46.080;20.00;499.00;0.00;07.12.2023;21
"0301";"31601";"3001787";" ";0.000;10.00;875.00;0.00;07.12.2023;21
"0301";"31601";"3001923";" ";0.000;10.00;875.00;0.00;07.12.2023;21
"0301";"31601";"3007208";" ";0.000;10.00;325.00;0.00;07.12.2023;21
"0301";"31601";"3007772";" ";0.000;46.00;829.00;0.00;07.12.2023;21
"0301";"31601";"3007796";" ";0.000;46.00;829.00;0.00;07.12.2023;21
"0301";"31601";"3007826";" ";0.000;46.00;829.00;0.00;07.12.2023;21
"0301";"31601";"3007833";" ";0.000;16.00;299.00;0.00;07.12.2023;21
"0301";"31601";"3007857";" ";0.000;16.00;299.00;0.00;07.12.2023;21
"0301";"31601";"3007864";" ";0.000;16.00;299.00;0.00;07.12.2023;21
"0301";"31601";"3007888";" ";0.000;16.00;299.00;0.00;07.12.2023;21
"0301";"31601";"3007895";" ";0.000;16.00;299.00;0.00;07.12.2023;21
"0301";"31601";"3007901";" ";0.000;16.00;299.00;0.00;07.12.2023;21
"0301";"31601";"3007918";" ";0.000;16.00;299.00;0.00;07.12.2023;21
"0301";"31601";"3007949";" ";0.000;16.00;299.00;0.00;07.12.2023;21
"0301";"31601";"3012019";" ";0.000;336.00;229.00;0.00;07.12.2023;21
"0301";"31601";"3013728";" ";0.000;36.00;599.00;0.00;07.12.2023;21
"0301";"31601";"3017313";" ";0.000;431.00;18.00;0.00;07.12.2023;21
"0301";"31601";"3017313";" ";0.000;0.00;449.00;0.00;07.12.2023;21
"0301";"31601";"3017670";" ";0.000;10.00;455.00;0.00;07.12.2023;21
"0301";"31601";"3017670";"1";0.000;10.00;455.00;0.00;07.12.2023;21
"0301";"31601";"3017670";"2";0.000;10.00;455.00;0.00;07.12.2023;21
"0301";"31601";"3017670";"3";0.000;10.00;455.00;0.00;07.12.2023;21
"0301";"31601";"3017670";"4";0.000;10.00;455.00;0.00;07.12.2023;21
"0301";"31601";"3017670";"5";0.000;10.00;455.00;0.00;07.12.2023;21
"0301";"31601";"3017670";"6";0.000;10.00;455.00;0.00;07.12.2023;21
"0301";"31601";"3017816";" ";0.000;10.00;755.00;0.00;07.12.2023;21
"0301";"31601";"3017830";" ";0.000;10.00;455.00;0.00;07.12.2023;21
"0301";"31601";"3017892";" ";0.000;10.00;755.00;0.00;07.12.2023;21
"0301";"31601";"3017915";" ";0.000;10.00;455.00;0.00;07.12.2023;21
"0301";"31601";"3018110";" ";0.000;10.00;455.00;0.00;07.12.2023;21
"0301";"31601";"3018110";"1";0.000;10.00;455.00;0.00;07.12.2023;21
"0301";"31601";"3018110";"2";0.000;10.00;455.00;0.00;07.12.2023;21
"0301";"31601";"3018110";"3";0.000;10.00;455.00;0.00;07.12.2023;21
"0301";"31601";"3018110";"4";0.000;10.00;455.00;0.00;07.12.2023;21
"0301";"31601";"3020069";" ";0.000;6.00;549.00;0.00;07.12.2023;21
"0301";"31601";"3020069";"1";0.000;6.00;549.00;0.00;07.12.2023;21
"0301";"31601";"3020069";"2";0.000;6.00;549.00;0.00;07.12.2023;21
"0301";"31601";"3020069";"3";0.000;6.00;549.00;0.00;07.12.2023;21
"0301";"31601";"3020069";"4";0.000;6.00;549.00;0.00;07.12.2023;21
"0301";"31601";"3020069";"5";0.000;6.00;549.00;0.00;07.12.2023;21
"0301";"31601";"3020106";" ";0.000;10.00;835.00;0.00;07.12.2023;21
"0301";"31601";"3020168";" ";0.000;6.00;549.00;0.00;07.12.2023;21
"0301";"31601";"3020168";"1";0.000;6.00;549.00;0.00;07.12.2023;21
"0301";"31601";"3020168";"2";0.000;6.00;549.00;0.00;07.12.2023;21
"0301";"31601";"3020168";"3";0.000;6.00;549.00;0.00;07.12.2023;21
"0301";"31601";"3020168";"4";0.000;6.00;549.00;0.00;07.12.2023;21
"0301";"31601";"3020168";"5";0.000;6.00;549.00;0.00;07.12.2023;21
"0301";"31601";"3020168";"6";0.000;6.00;549.00;0.00;07.12.2023;21
"0301";"31601";"3020205";" ";0.000;10.00;835.00;0.00;07.12.2023;21
"0301";"31601";"3020328";" ";0.000;4.00;55.00;0.00;07.12.2023;21
"0301";"31601";"3020335";" ";0.000;4.00;55.00;0.00;07.12.2023;21
"0301";"31601";"3021943";" ";0.000;10.00;655.00;0.00;07.12.2023;21
"0301";"31601";"3021943";"1";0.000;10.00;655.00;0.00;07.12.2023;21
"0301";"31601";"3021943";"2";0.000;10.00;655.00;0.00;07.12.2023;21
"0301";"31601";"3021943";"3";0.000;10.00;655.00;0.00;07.12.2023;21
"0301";"31601";"3021943";"4";0.000;10.00;655.00;0.00;07.12.2023;21
"0301";"31601";"3021943";"5";0.000;10.00;655.00;0.00;07.12.2023;21
"0301";"31601";"3021943";"6";0.000;10.00;655.00;0.00;07.12.2023;21
"0301";"31601";"3022025";" ";0.000;6.00;549.00;0.00;07.12.2023;21
"0301";"31601";"3022025";"1";0.000;6.00;549.00;0.00;07.12.2023;21
"0301";"31601";"3022025";"2";0.000;6.00;549.00;0.00;07.12.2023;21
"0301";"31601";"3022025";"3";0.000;6.00;549.00;0.00;07.12.2023;21
"0301";"31601";"3022025";"4";0.000;6.00;549.00;0.00;07.12.2023;21
"0301";"31601";"3022025";"5";0.000;6.00;549.00;0.00;07.12.2023;21
"0301";"31601";"3022025";"6";0.000;6.00;549.00;0.00;07.12.2023;21
"0301";"31601";"3022063";" ";0.000;4.00;55.00;0.00;07.12.2023;21
"0301";"31601";"3022148";" ";0.000;10.00;835.00;0.00;07.12.2023;21
"0301";"31601";"3024517";" ";0.000;10.00;835.00;0.00;07.12.2023;21
"0301";"31601";"3024586";" ";0.000;4.00;55.00;0.00;07.12.2023;21
"0301";"31601";"3024616";" ";0.000;10.00;655.00;0.00;07.12.2023;21
"0301";"31601";"3024616";"1";0.000;10.00;655.00;0.00;07.12.2023;21
"0301";"31601";"3025125";" ";0.000;-284.00;1219.00;0.00;07.12.2023;21
"0301";"31601";"3026674";" ";0.000;10.00;135.00;0.00;07.12.2023;21
"0301";"31601";"3026940";" ";0.000;10.00;135.00;0.00;07.12.2023;21
"0301";"31601";"3026948";" ";0.000;10.00;65.00;0.00;07.12.2023;21
"0301";"31601";"3026957";" ";0.000;10.00;135.00;0.00;07.12.2023;21
"0301";"31601";"3029758";" ";0.000;10.00;655.00;0.00;07.12.2023;21
"0301";"31601";"3029789";" ";0.000;10.00;655.00;0.00;07.12.2023;21
"0301";"31601";"3029819";" ";0.000;10.00;655.00;0.00;07.12.2023;21
"0301";"31601";"3029840";" ";0.000;10.00;655.00;0.00;07.12.2023;21
"0301";"31601";"3029871";" ";0.000;10.00;655.00;0.00;07.12.2023;21
"0301";"31601";"3029901";" ";0.000;10.00;655.00;0.00;07.12.2023;21
"0301";"31601";"3029932";" ";0.000;10.00;655.00;0.00;07.12.2023;21
"0301";"31601";"3030589";" ";0.000;4.00;65.00;0.00;07.12.2023;21
"0301";"31601";"3054158";" ";0.000;-350.00;1045.00;0.00;07.12.2023;21
"0301";"31601";"3054158";"1";0.000;-350.00;1045.00;0.00;07.12.2023;21
"0301";"31601";"3054158";"2";0.000;-350.00;1045.00;0.00;07.12.2023;21
"0301";"31601";"3054158";"3";0.000;-350.00;1045.00;0.00;07.12.2023;21
"0301";"31601";"3056640";" ";0.000;10.00;135.00;0.00;07.12.2023;21
"0301";"31601";"3056657";" ";0.000;10.00;135.00;0.00;07.12.2023;21
"0301";"31601";"3061811";" ";0.000;10.00;125.00;0.00;07.12.2023;21
"0301";"31601";"3063549";" ";0.000;10.00;865.00;0.00;07.12.2023;21
"0301";"31601";"3063549";"1";0.000;10.00;865.00;0.00;07.12.2023;21
"0301";"31601";"3063556";" ";0.000;10.00;865.00;0.00;07.12.2023;21
"0301";"31601";"3063556";"1";0.000;10.00;865.00;0.00;07.12.2023;21
"0301";"31601";"3063556";"2";0.000;10.00;865.00;0.00;07.12.2023;21
"0301";"31601";"3063556";"3";0.000;10.00;865.00;0.00;07.12.2023;21
"0301";"31601";"3064997";" ";0.000;10.00;865.00;0.00;07.12.2023;21
"0301";"31601";"3065017";" ";0.000;10.00;65.00;0.00;07.12.2023;21
"0301";"31601";"3065024";" ";0.000;10.00;65.00;0.00;07.12.2023;21
"0301";"31601";"3065192";" ";0.000;10.00;865.00;0.00;07.12.2023;21
"0301";"31601";"3065857";" ";0.000;10.00;715.00;0.00;07.12.2023;21
"0301";"31601";"3065932";" ";0.000;10.00;65.00;0.00;07.12.2023;21
"0301";"31601";"3065949";" ";0.000;10.00;65.00;0.00;07.12.2023;21
"0301";"31601";"3065994";" ";0.000;10.00;65.00;0.00;07.12.2023;21
"0301";"31601";"3066076";" ";0.000;10.00;65.00;0.00;07.12.2023;21
"0301";"31601";"3069916";" ";0.000;10.00;125.00;0.00;07.12.2023;21
"0301";"31601";"3071894";" ";0.000;10.00;1165.00;0.00;07.12.2023;21
"0301";"31601";"3071993";" ";0.000;10.00;1165.00;0.00;07.12.2023;21
"0301";"31601";"3071993";"1";0.000;10.00;1165.00;0.00;07.12.2023;21
"0301";"31601";"3071993";"2";0.000;10.00;1165.00;0.00;07.12.2023;21
"0301";"31601";"3072051";" ";0.000;16.00;1599.00;0.00;07.12.2023;21
"0301";"31601";"3072051";"1";0.000;16.00;1599.00;0.00;07.12.2023;21
"0301";"31601";"3072051";"2";0.000;16.00;1599.00;0.00;07.12.2023;21
"0301";"31601";"3072112";" ";0.000;16.00;1599.00;0.00;07.12.2023;21
"0301";"31601";"3072112";"1";0.000;16.00;1599.00;0.00;07.12.2023;21
"0301";"31601";"3072112";"2";0.000;16.00;1599.00;0.00;07.12.2023;21
"0301";"31601";"3072143";" ";0.000;10.00;1165.00;0.00;07.12.2023;21
"0301";"31601";"3072174";" ";0.000;16.00;1599.00;0.00;07.12.2023;21
"0301";"31601";"3072204";" ";0.000;10.00;1165.00;0.00;07.12.2023;21
"0301";"31601";"3072235";" ";0.000;16.00;1599.00;0.00;07.12.2023;21
"0301";"31601";"3072235";"1";0.000;16.00;1599.00;0.00;07.12.2023;21
"0301";"31601";"3072266";" ";0.000;10.00;1165.00;0.00;07.12.2023;21
"0301";"31601";"3072266";"1";0.000;10.00;1165.00;0.00;07.12.2023;21
"0301";"31601";"3072327";" ";0.000;16.00;1599.00;0.00;07.12.2023;21
"0301";"31601";"3072327";"1";0.000;16.00;1599.00;0.00;07.12.2023;21
"0301";"31601";"3072327";"2";0.000;16.00;1599.00;0.00;07.12.2023;21
"0301";"31601";"3072389";" ";0.000;10.00;1165.00;0.00;07.12.2023;21
"0301";"31601";"3072389";"1";0.000;10.00;1165.00;0.00;07.12.2023;21
"0301";"31601";"3072440";" ";0.000;16.00;1599.00;0.00;07.12.2023;21
"0301";"31601";"3072440";"1";0.000;16.00;1599.00;0.00;07.12.2023;21
"0301";"31601";"3072440";"2";0.000;16.00;1599.00;0.00;07.12.2023;21
"0301";"31601";"3072596";" ";0.000;4.00;145.00;0.00;07.12.2023;21
"0301";"31601";"3072626";" ";0.000;4.00;145.00;0.00;07.12.2023;21
"0301";"31601";"3072969";" ";0.000;10.00;1165.00;0.00;07.12.2023;21
"0301";"31601";"3073027";" ";0.000;16.00;1599.00;0.00;07.12.2023;21
"0301";"31601";"3073027";"1";0.000;16.00;1599.00;0.00;07.12.2023;21
"0301";"31601";"3073058";" ";0.000;10.00;1165.00;0.00;07.12.2023;21
"0301";"31601";"3073089";"1";0.000;16.00;1599.00;0.00;07.12.2023;21
"0301";"31601";"3073418";" ";0.000;10.00;125.00;0.00;07.12.2023;21
"0301";"31601";"3075090";" ";0.000;10.00;765.00;0.00;07.12.2023;21
"0301";"31601";"3075120";" ";0.000;10.00;765.00;0.00;07.12.2023;21
"0301";"31601";"3079700";" ";0.000;10.00;865.00;0.00;07.12.2023;21
"0301";"31601";"3083431";" ";0.000;10.00;165.00;0.00;07.12.2023;21
"0301";"31601";"3083455";" ";0.000;10.00;165.00;0.00;07.12.2023;21
"0301";"31601";"3083486";" ";0.000;10.00;185.00;0.00;07.12.2023;21
"0301";"31601";"3083509";" ";0.000;10.00;185.00;0.00;07.12.2023;21
"0301";"31601";"3083653";" ";0.000;-10.00;159.00;0.00;07.12.2023;21
"0301";"31601";"3083660";" ";0.000;-10.00;159.00;0.00;07.12.2023;21
"0301";"31601";"3083677";" ";0.000;-10.00;159.00;0.00;07.12.2023;21
"0301";"31601";"3083684";" ";0.000;-10.00;159.00;0.00;07.12.2023;21
"0301";"31601";"3083714";" ";0.000;-10.00;159.00;0.00;07.12.2023;21
"0301";"31601";"3083721";" ";0.000;-10.00;159.00;0.00;07.12.2023;21
"0301";"31601";"3083738";" ";0.000;-10.00;159.00;0.00;07.12.2023;21
"0301";"31601";"3083745";" ";0.000;-10.00;159.00;0.00;07.12.2023;21
"0301";"31601";"3083752";" ";0.000;-10.00;159.00;0.00;07.12.2023;21
"0301";"31601";"3083769";" ";0.000;-10.00;159.00;0.00;07.12.2023;21
"0301";"31601";"3083776";" ";0.000;-10.00;159.00;0.00;07.12.2023;21
"0301";"31601";"3083783";" ";0.000;-10.00;159.00;0.00;07.12.2023;21
"0301";"31601";"3083790";" ";0.000;-10.00;159.00;0.00;07.12.2023;21
"0301";"31601";"3083806";" ";0.000;-10.00;159.00;0.00;07.12.2023;21
"0301";"31601";"3083813";" ";0.000;-10.00;159.00;0.00;07.12.2023;21
"0301";"31601";"3083820";" ";0.000;-16.00;255.00;0.00;07.12.2023;21
"0301";"31601";"3083837";" ";0.000;-16.00;255.00;0.00;07.12.2023;21
"0301";"31601";"3083844";" ";0.000;-16.00;255.00;0.00;07.12.2023;21
"0301";"31601";"3083851";" ";0.000;-16.00;255.00;0.00;07.12.2023;21
"0301";"31601";"3083868";" ";0.000;-16.00;255.00;0.00;07.12.2023;21
"0301";"31601";"3083875";" ";0.000;-16.00;255.00;0.00;07.12.2023;21
"0301";"31601";"3083882";" ";0.000;-16.00;255.00;0.00;07.12.2023;21
"0301";"31601";"3083899";" ";0.000;-16.00;255.00;0.00;07.12.2023;21
"0301";"31601";"3083905";" ";0.000;-16.00;255.00;0.00;07.12.2023;21
"0301";"31601";"3083912";" ";0.000;-10.00;175.00;0.00;07.12.2023;21
"0301";"31601";"3083929";" ";0.000;-10.00;175.00;0.00;07.12.2023;21
"0301";"31601";"3083936";" ";0.000;-10.00;175.00;0.00;07.12.2023;21
"0301";"31601";"3083943";" ";0.000;-10.00;175.00;0.00;07.12.2023;21
"0301";"31601";"3083967";" ";0.000;-10.00;175.00;0.00;07.12.2023;21
"0301";"31601";"3083974";" ";0.000;-10.00;175.00;0.00;07.12.2023;21
"0301";"31601";"3083981";" ";0.000;-10.00;175.00;0.00;07.12.2023;21
"0301";"31601";"3083998";" ";0.000;-10.00;175.00;0.00;07.12.2023;21
"0301";"31601";"3084001";" ";0.000;-10.00;175.00;0.00;07.12.2023;21
"0301";"31601";"3084018";" ";0.000;-10.00;175.00;0.00;07.12.2023;21
"0301";"31601";"3084025";" ";0.000;-10.00;175.00;0.00;07.12.2023;21
"0301";"31601";"3084032";" ";0.000;-10.00;175.00;0.00;07.12.2023;21
"0301";"31601";"3084049";" ";0.000;-10.00;175.00;0.00;07.12.2023;21
"0301";"31601";"3084056";" ";0.000;-10.00;175.00;0.00;07.12.2023;21
"0301";"31601";"3084063";" ";0.000;-10.00;175.00;0.00;07.12.2023;21
"0301";"31601";"3084070";" ";0.000;-16.00;255.00;0.00;07.12.2023;21
"0301";"31601";"3084087";" ";0.000;-16.00;255.00;0.00;07.12.2023;21
"0301";"31601";"3084094";" ";0.000;-16.00;255.00;0.00;07.12.2023;21
"0301";"31601";"3084100";" ";0.000;-16.00;255.00;0.00;07.12.2023;21
"0301";"31601";"3084117";" ";0.000;-16.00;255.00;0.00;07.12.2023;21
"0301";"31601";"3084124";" ";0.000;-16.00;255.00;0.00;07.12.2023;21
"0301";"31601";"3084131";" ";0.000;-16.00;255.00;0.00;07.12.2023;21
"0301";"31601";"3084148";" ";0.000;-16.00;255.00;0.00;07.12.2023;21
"0301";"31601";"3084155";" ";0.000;-16.00;255.00;0.00;07.12.2023;21
"0301";"31601";"3084162";" ";0.000;-16.00;255.00;0.00;07.12.2023;21
"0301";"31601";"3084179";" ";0.000;-4.00;119.00;0.00;07.12.2023;21
"0301";"31601";"3084186";" ";0.000;-4.00;119.00;0.00;07.12.2023;21
"0301";"31601";"3084193";" ";0.000;-4.00;119.00;0.00;07.12.2023;21
"0301";"31601";"3084209";" ";0.000;-4.00;119.00;0.00;07.12.2023;21
"0301";"31601";"3084223";" ";0.000;-4.00;119.00;0.00;07.12.2023;21
"0301";"31601";"3084230";" ";0.000;-4.00;119.00;0.00;07.12.2023;21
"0301";"31601";"3084247";" ";0.000;-4.00;119.00;0.00;07.12.2023;21
"0301";"31601";"3084254";" ";0.000;-4.00;119.00;0.00;07.12.2023;21
"0301";"31601";"3084261";" ";0.000;-4.00;119.00;0.00;07.12.2023;21
"0301";"31601";"3084278";" ";0.000;-4.00;119.00;0.00;07.12.2023;21
"0301";"31601";"3084285";" ";0.000;-4.00;119.00;0.00;07.12.2023;21
"0301";"31601";"3084292";" ";0.000;-4.00;119.00;0.00;07.12.2023;21
"0301";"31601";"3084308";" ";0.000;-4.00;119.00;0.00;07.12.2023;21
"0301";"31601";"3084315";" ";0.000;-4.00;119.00;0.00;07.12.2023;21
"0301";"31601";"3084322";" ";0.000;-4.00;119.00;0.00;07.12.2023;21
"0301";"31601";"3086326";" ";0.000;10.00;865.00;0.00;07.12.2023;21
"0301";"31601";"3091755";" ";0.000;-136.00;835.00;0.00;07.12.2023;21
"0301";"31601";"3091786";" ";0.000;-154.00;889.00;0.00;07.12.2023;21
"0301";"31601";"3091816";" ";0.000;-154.00;889.00;0.00;07.12.2023;21
"0301";"31601";"3091847";" ";0.000;-154.00;889.00;0.00;07.12.2023;21
"0301";"31601";"3091878";" ";0.000;-136.00;835.00;0.00;07.12.2023;21
"0301";"31601";"3091908";" ";0.000;-154.00;889.00;0.00;07.12.2023;21
"0301";"31601";"3091939";" ";0.000;-154.00;889.00;0.00;07.12.2023;21
"0301";"31601";"3091960";" ";0.000;-154.00;889.00;0.00;07.12.2023;21
"0301";"31601";"3093218";" ";0.000;30.00;425.00;0.00;07.12.2023;21
"0301";"31601";"3093416";" ";0.000;-130.00;795.00;0.00;07.12.2023;21
"0301";"31601";"3093447";" ";0.000;-130.00;795.00;0.00;07.12.2023;21
"0301";"31601";"3095555";" ";0.000;-136.00;835.00;0.00;07.12.2023;21
"0301";"31601";"3095586";" ";0.000;-154.00;889.00;0.00;07.12.2023;21
"0301";"31601";"3095586";"1";0.000;-154.00;889.00;0.00;07.12.2023;21
"0301";"31601";"3095586";"2";0.000;-154.00;889.00;0.00;07.12.2023;21
"0301";"31601";"3095616";" ";0.000;-164.00;899.00;0.00;07.12.2023;21
"0301";"31601";"3095647";" ";0.000;-136.00;835.00;0.00;07.12.2023;21
"0301";"31601";"3095678";" ";0.000;-154.00;889.00;0.00;07.12.2023;21
"0301";"31601";"3095708";" ";0.000;-136.00;835.00;0.00;07.12.2023;21
"0301";"31601";"3095739";" ";0.000;-154.00;889.00;0.00;07.12.2023;21
"0301";"31601";"3095739";"1";0.000;-154.00;889.00;0.00;07.12.2023;21
"0301";"31601";"3095760";" ";0.000;-136.00;835.00;0.00;07.12.2023;21
"0301";"31601";"3095791";" ";0.000;-154.00;889.00;0.00;07.12.2023;21
"0301";"31601";"3095821";" ";0.000;-164.00;899.00;0.00;07.12.2023;21
"0301";"31601";"3098800";" ";0.000;-20.00;189.00;0.00;07.12.2023;21
"0301";"31601";"3098817";" ";0.000;-20.00;189.00;0.00;07.12.2023;21
"0301";"31601";"3098846";" ";0.000;-136.00;835.00;0.00;07.12.2023;21
"0301";"31601";"3098846";"1";0.000;-136.00;835.00;0.00;07.12.2023;21
"0301";"31601";"3098846";"2";0.000;-136.00;835.00;0.00;07.12.2023;21
"0301";"31601";"3098862";" ";0.000;4.00;595.00;0.00;07.12.2023;21
"0301";"31601";"3098877";" ";0.000;-136.00;835.00;0.00;07.12.2023;21
"0301";"31601";"3098877";"1";0.000;-136.00;835.00;0.00;07.12.2023;21
"0301";"31601";"3098877";"2";0.000;-136.00;835.00;0.00;07.12.2023;21
"0301";"31601";"3125249";" ";0.000;70.00;1455.00;0.00;07.12.2023;21
"0301";"31601";"3125263";" ";0.000;70.00;1455.00;0.00;07.12.2023;21
"0301";"31601";"3128752";" ";0.000;-74.00;739.00;0.00;07.12.2023;21
"0301";"31601";"3128783";" ";0.000;-74.00;739.00;0.00;07.12.2023;21
"0301";"31601";"3131745";" ";0.000;-74.00;739.00;0.00;07.12.2023;21
"0301";"31601";"3137327";" ";0.000;-284.00;1219.00;0.00;07.12.2023;21
"0301";"31601";"3138164";" ";0.000;-210.00;1145.00;0.00;07.12.2023;21
"0301";"31601";"3138225";" ";0.000;-210.00;1145.00;0.00;07.12.2023;21
"0301";"31601";"3138614";" ";0.000;-154.00;1249.00;0.00;07.12.2023;21
"0301";"31601";"3138676";" ";0.000;-154.00;1249.00;0.00;07.12.2023;21
"0301";"31601";"3140839";" ";0.000;-680.00;1699.00;0.00;07.12.2023;21
"0301";"31601";"3140945";" ";0.000;-350.00;1285.00;0.00;07.12.2023;21
"0301";"31601";"3141508";" ";0.000;-580.00;1599.00;0.00;07.12.2023;21
"0301";"31601";"3141652";" ";0.000;-280.00;1215.00;0.00;07.12.2023;21
"0301";"31601";"3142505";" ";0.000;-1006.00;2335.00;0.00;07.12.2023;21
"0301";"31601";"3144271";" ";0.000;-194.00;969.00;0.00;07.12.2023;21
"0301";"31601";"3144424";" ";0.000;-670.00;969.00;0.00;07.12.2023;21
"0301";"31601";"3144455";" ";0.000;-670.00;969.00;0.00;07.12.2023;21
"0301";"31601";"3144578";" ";0.000;-106.00;1075.00;0.00;07.12.2023;21
"0301";"31601";"3144615";" ";0.000;-106.00;1075.00;0.00;07.12.2023;21
"0301";"31601";"3144646";" ";0.000;-106.00;1075.00;0.00;07.12.2023;21
"0301";"31601";"3144677";" ";0.000;-194.00;969.00;0.00;07.12.2023;21
"0301";"31601";"3144769";" ";0.000;-300.00;1075.00;0.00;07.12.2023;21
"0301";"31601";"3144790";" ";0.000;-300.00;1075.00;0.00;07.12.2023;21
"0301";"31601";"3144820";" ";0.000;-300.00;1075.00;0.00;07.12.2023;21
"0301";"31601";"3145353";" ";0.000;-670.00;969.00;0.00;07.12.2023;21
"0301";"31601";"3145650";" ";0.000;-104.00;1099.00;0.00;07.12.2023;21
"0301";"31601";"3146435";" ";0.000;-324.00;1579.00;0.00;07.12.2023;21
"0301";"31601";"3146466";" ";0.000;-324.00;1579.00;0.00;07.12.2023;21
"0301";"31601";"3146527";" ";0.000;-370.00;1389.00;0.00;07.12.2023;21
"0301";"31601";"3146558";" ";0.000;-370.00;1389.00;0.00;07.12.2023;21
"0301";"31601";"3146619";" ";0.000;-106.00;1075.00;0.00;07.12.2023;21
"0301";"31601";"3147463";" ";0.000;-634.00;1889.00;0.00;07.12.2023;21
"0301";"31601";"3147487";" ";0.000;-634.00;1889.00;0.00;07.12.2023;21
"0301";"31601";"3147500";" ";0.000;-634.00;1889.00;0.00;07.12.2023;21
"0301";"31601";"3147524";" ";0.000;-634.00;1889.00;0.00;07.12.2023;21
"0301";"31601";"3147548";" ";0.000;-634.00;1889.00;0.00;07.12.2023;21
"0301";"31601";"3148125";" ";0.000;1066.00;199.00;0.00;07.12.2023;21
"0301";"31601";"3148156";" ";0.000;-956.00;2285.00;0.00;07.12.2023;21
"0301";"31601";"3148187";" ";0.000;-104.00;2059.00;0.00;07.12.2023;21
"0301";"31601";"3148217";" ";0.000;-104.00;2059.00;0.00;07.12.2023;21
"0301";"31601";"3148248";" ";0.000;600.00;619.00;0.00;07.12.2023;21
"0301";"31601";"3148361";" ";0.000;-104.00;1099.00;0.00;07.12.2023;21
"0301";"31601";"3148392";" ";0.000;-104.00;1099.00;0.00;07.12.2023;21
"0301";"31601";"3148873";" ";0.000;10.00;925.00;0.00;07.12.2023;21
"0301";"31601";"3148903";" ";0.000;10.00;925.00;0.00;07.12.2023;21
"0301";"31601";"3148934";" ";0.000;-284.00;1219.00;0.00;07.12.2023;21
"0301";"31601";"3148965";" ";0.000;-284.00;1219.00;0.00;07.12.2023;21
"0301";"31601";"3148996";" ";0.000;-284.00;1219.00;0.00;07.12.2023;21
"0301";"31601";"3149177";" ";0.000;-284.00;1219.00;0.00;07.12.2023;21
"0301";"31601";"3149207";" ";0.000;-284.00;1219.00;0.00;07.12.2023;21
"0301";"31601";"3149238";" ";0.000;-284.00;1219.00;0.00;07.12.2023;21
"0301";"31601";"3149511";" ";0.000;-104.00;2059.00;0.00;07.12.2023;21
"0301";"31601";"3149542";" ";0.000;-104.00;2059.00;0.00;07.12.2023;21
"0301";"31601";"3149665";" ";0.000;-450.00;1469.00;0.00;07.12.2023;21
"0301";"31601";"3149696";" ";0.000;-450.00;1469.00;0.00;07.12.2023;21
"0301";"31601";"3149726";" ";0.000;-450.00;1469.00;0.00;07.12.2023;21
"0301";"31601";"3149849";" ";0.000;-106.00;1075.00;0.00;07.12.2023;21
"0301";"31601";"3149870";" ";0.000;-106.00;1075.00;0.00;07.12.2023;21
"0301";"31601";"3149900";" ";0.000;-106.00;1075.00;0.00;07.12.2023;21
"0301";"31601";"3150487";" ";0.000;-284.00;1219.00;0.00;07.12.2023;21
"0301";"31601";"3150517";" ";0.000;-284.00;1219.00;0.00;07.12.2023;21
"0301";"31601";"3152283";" ";0.000;-1114.00;2369.00;0.00;07.12.2023;21
"0301";"31601";"3152481";" ";0.000;-300.00;1075.00;0.00;07.12.2023;21
"0301";"31601";"3152481";"1";0.000;-300.00;1075.00;0.00;07.12.2023;21
"0301";"31601";"3153532";" ";0.000;556.00;369.00;0.00;07.12.2023;21
"0301";"31601";"3153563";" ";0.000;556.00;369.00;0.00;07.12.2023;21
"0301";"31601";"3153624";" ";0.000;370.00;369.00;0.00;07.12.2023;21
"0301";"31601";"3154348";" ";0.000;626.00;299.00;0.00;07.12.2023;21
"0301";"31601";"3507427";" ";0.000;4.00;1245.00;0.00;07.12.2023;21
"0301";"31601";"3508714";" ";0.000;4.00;1245.00;0.00;07.12.2023;21
"0301";"31601";"3508745";" ";0.000;4.00;1245.00;0.00;07.12.2023;21
"0301";"31601";"3508806";" ";0.000;4.00;1245.00;0.00;07.12.2023;21
"0301";"31601";"3508837";" ";0.000;4.00;1245.00;0.00;07.12.2023;21
"0301";"31601";"3508936";" ";0.000;130.00;569.00;0.00;07.12.2023;21
"0301";"31601";"3508936";"1";0.000;130.00;569.00;0.00;07.12.2023;21
"0301";"31601";"3508936";"2";0.000;130.00;569.00;0.00;07.12.2023;21
"0301";"31601";"3508936";"3";22.880;130.00;569.00;0.00;07.12.2023;21
"0301";"31601";"3508967";" ";48.620;130.00;569.00;0.00;07.12.2023;21
"0301";"31601";"3508967";"1";4.290;130.00;569.00;0.00;07.12.2023;21
"0301";"31601";"3510137";" ";0.000;-226.00;925.00;0.00;07.12.2023;21
"0301";"31601";"3510168";" ";0.000;-250.00;985.00;0.00;07.12.2023;21
"0301";"31601";"3510199";" ";0.000;-286.00;985.00;0.00;07.12.2023;21
"0301";"31601";"3510281";" ";0.000;-226.00;925.00;0.00;07.12.2023;21
"0301";"31601";"3510311";" ";0.000;-250.00;985.00;0.00;07.12.2023;21
"0301";"31601";"3510342";" ";0.000;-250.00;985.00;0.00;07.12.2023;21
"0301";"31601";"3510373";" ";0.000;-226.00;925.00;0.00;07.12.2023;21
"0301";"31601";"3510403";" ";0.000;-250.00;985.00;0.00;07.12.2023;21
"0301";"31601";"3510434";" ";0.000;-226.00;925.00;0.00;07.12.2023;21
"0301";"31601";"3510465";" ";0.000;-250.00;985.00;0.00;07.12.2023;21
"0301";"31601";"3510496";" ";0.000;-250.00;985.00;0.00;07.12.2023;21
"0301";"31601";"3510526";" ";0.000;-250.00;985.00;0.00;07.12.2023;21
"0301";"31601";"3510557";" ";0.000;-226.00;925.00;0.00;07.12.2023;21
"0301";"31601";"3510588";" ";0.000;-250.00;985.00;0.00;07.12.2023;21
"0301";"31601";"3510618";" ";0.000;-226.00;925.00;0.00;07.12.2023;21
"0301";"31601";"3510649";" ";0.000;-250.00;985.00;0.00;07.12.2023;21
"0301";"31601";"3510670";" ";0.000;-250.00;985.00;0.00;07.12.2023;21
"0301";"31601";"3510700";" ";0.000;-286.00;985.00;0.00;07.12.2023;21
"0301";"31601";"3510731";" ";0.000;-226.00;925.00;0.00;07.12.2023;21
"0301";"31601";"3510762";" ";0.000;-250.00;985.00;0.00;07.12.2023;21
"0301";"31601";"3510793";" ";0.000;-226.00;925.00;0.00;07.12.2023;21
"0301";"31601";"3510823";" ";0.000;-250.00;985.00;0.00;07.12.2023;21
"0301";"31601";"3510854";" ";0.000;-226.00;925.00;0.00;07.12.2023;21
"0301";"31601";"3510885";" ";0.000;-250.00;985.00;0.00;07.12.2023;21
"0301";"31601";"3510915";" ";0.000;-286.00;985.00;0.00;07.12.2023;21
"0301";"31601";"3510946";" ";0.000;-226.00;925.00;0.00;07.12.2023;21
"0301";"31601";"3510977";" ";0.000;-226.00;925.00;0.00;07.12.2023;21
"0301";"31601";"3511004";" ";0.000;-250.00;985.00;0.00;07.12.2023;21
"0301";"31601";"3511035";" ";0.000;-226.00;925.00;0.00;07.12.2023;21
"0301";"31601";"3511066";" ";0.000;-250.00;985.00;0.00;07.12.2023;21
"0301";"31601";"3511097";" ";0.000;-226.00;925.00;0.00;07.12.2023;21
"0301";"31601";"3511127";" ";0.000;-226.00;925.00;0.00;07.12.2023;21
"0301";"31601";"3511493";" ";0.000;10.00;1255.00;0.00;07.12.2023;21
"0301";"31601";"3512926";" ";0.000;10.00;715.00;0.00;07.12.2023;21
"0301";"31601";"3512957";" ";0.000;10.00;715.00;0.00;07.12.2023;21
"0301";"31601";"3512988";" ";0.000;10.00;715.00;0.00;07.12.2023;21
"0301";"31601";"3513015";" ";0.000;10.00;715.00;0.00;07.12.2023;21
"0301";"31601";"3513046";" ";0.000;-156.00;1555.00;0.00;07.12.2023;21
"0301";"31601";"3513077";" ";0.000;-156.00;1555.00;0.00;07.12.2023;21
"0301";"31601";"3513107";" ";0.000;-156.00;1555.00;0.00;07.12.2023;21
"0301";"31601";"3513190";" ";0.000;-226.00;925.00;0.00;07.12.2023;21
"0301";"31601";"3513220";" ";0.000;-250.00;985.00;0.00;07.12.2023;21
"0301";"31601";"3513374";" ";0.000;10.00;1255.00;0.00;07.12.2023;21
"0301";"31601";"3513527";" ";0.000;-226.00;925.00;0.00;07.12.2023;21
"0301";"31601";"3513558";" ";0.000;-250.00;985.00;0.00;07.12.2023;21
"0301";"31601";"3513589";" ";0.000;-226.00;925.00;0.00;07.12.2023;21
"0301";"31601";"3513619";" ";0.000;-250.00;985.00;0.00;07.12.2023;21
"0301";"31601";"3513640";" ";0.000;-226.00;925.00;0.00;07.12.2023;21
"0301";"31601";"3513671";" ";0.000;-250.00;985.00;0.00;07.12.2023;21
"0301";"31601";"3513701";" ";0.000;-226.00;925.00;0.00;07.12.2023;21
"0301";"31601";"3513732";" ";0.000;-226.00;925.00;0.00;07.12.2023;21
"0301";"31601";"3513794";" ";0.000;-226.00;925.00;0.00;07.12.2023;21
"0301";"31601";"3513824";" ";0.000;-250.00;985.00;0.00;07.12.2023;21
"0301";"31601";"3513855";" ";0.000;-226.00;925.00;0.00;07.12.2023;21
"0301";"31601";"3513886";" ";0.000;-286.00;985.00;0.00;07.12.2023;21
"0301";"31601";"3513916";" ";0.000;-226.00;925.00;0.00;07.12.2023;21
"0301";"31601";"3513947";" ";0.000;-286.00;985.00;0.00;07.12.2023;21
"0301";"31601";"3514005";" ";0.000;10.00;1255.00;0.00;07.12.2023;21
"0301";"31601";"3515989";" ";0.000;304.00;835.00;0.00;07.12.2023;21
"0301";"31601";"3516016";" ";0.000;304.00;835.00;0.00;07.12.2023;21
"0301";"31601";"3516047";" ";0.000;304.00;835.00;0.00;07.12.2023;21
"0301";"31601";"3516528";" ";0.000;10.00;1255.00;0.00;07.12.2023;21
"0301";"31601";"3516559";" ";0.000;10.00;1255.00;0.00;07.12.2023;21
"0301";"31601";"3516580";" ";0.000;10.00;1255.00;0.00;07.12.2023;21
"0301";"31601";"3516672";" ";0.000;-136.00;835.00;0.00;07.12.2023;21
"0301";"31601";"3516702";" ";0.000;-136.00;835.00;0.00;07.12.2023;21
"0301";"31601";"3516733";" ";0.000;-136.00;835.00;0.00;07.12.2023;21
"0301";"31601";"3516764";" ";0.000;-136.00;835.00;0.00;07.12.2023;21
"0301";"31601";"3516795";" ";0.000;10.00;1255.00;0.00;07.12.2023;21
"0301";"31601";"3516825";" ";0.000;10.00;1255.00;0.00;07.12.2023;21
"0301";"31601";"3516856";" ";0.000;10.00;1255.00;0.00;07.12.2023;21
"0301";"31601";"3516887";" ";0.000;10.00;1255.00;0.00;07.12.2023;21
"0301";"31601";"3516979";" ";0.000;10.00;1255.00;0.00;07.12.2023;21
"0301";"31601";"3517006";" ";0.000;10.00;1255.00;0.00;07.12.2023;21
"0301";"31601";"3517068";" ";0.000;10.00;1255.00;0.00;07.12.2023;21
"0301";"31601";"3517129";" ";0.000;10.00;1255.00;0.00;07.12.2023;21
"0301";"31601";"3517815";" ";0.000;-136.00;835.00;0.00;07.12.2023;21
"0301";"31601";"3518034";" ";0.000;10.00;1255.00;0.00;07.12.2023;21
"0301";"31601";"3518065";" ";0.000;10.00;1255.00;0.00;07.12.2023;21
"0301";"31601";"3518522";" ";0.000;10.00;1865.00;0.00;07.12.2023;21
"0301";"31601";"3518652";" ";0.000;10.00;1865.00;0.00;07.12.2023;21
"0301";"31601";"3518683";" ";0.000;10.00;1865.00;0.00;07.12.2023;21
"0301";"31601";"3518713";" ";0.000;10.00;1865.00;0.00;07.12.2023;21
"0301";"31601";"3518744";" ";0.000;10.00;1865.00;0.00;07.12.2023;21
"0301";"31601";"3518812";" ";0.000;10.00;1865.00;0.00;07.12.2023;21
"0301";"31601";"3518904";" ";0.000;10.00;1865.00;0.00;07.12.2023;21
"0301";"31601";"3518966";" ";0.000;10.00;1865.00;0.00;07.12.2023;21
"0301";"31601";"3519635";" ";0.000;-136.00;835.00;0.00;07.12.2023;21
"0301";"31601";"3520266";" ";0.000;-226.00;925.00;0.00;07.12.2023;21
"0301";"31601";"3520297";" ";0.000;-286.00;985.00;0.00;07.12.2023;21
"0301";"31601";"3520327";" ";0.000;-226.00;925.00;0.00;07.12.2023;21
"0301";"31601";"3520358";" ";0.000;-250.00;985.00;0.00;07.12.2023;21
"0301";"31601";"3520358";"1";0.000;-250.00;985.00;0.00;07.12.2023;21
"0301";"31601";"3520402";" ";0.000;-226.00;925.00;0.00;07.12.2023;21
"0301";"31601";"3520433";" ";0.000;-250.00;985.00;0.00;07.12.2023;21
"0301";"31601";"3520488";" ";0.000;-226.00;925.00;0.00;07.12.2023;21
"0301";"31601";"3520518";" ";0.000;-226.00;925.00;0.00;07.12.2023;21
"0301";"31601";"3520549";" ";0.000;-250.00;985.00;0.00;07.12.2023;21
"0301";"31601";"3520587";" ";0.000;-226.00;925.00;0.00;07.12.2023;21
"0301";"31601";"3520617";" ";0.000;-250.00;985.00;0.00;07.12.2023;21
"0301";"31601";"3520662";" ";0.000;-226.00;925.00;0.00;07.12.2023;21
"0301";"31601";"3520693";" ";0.000;-226.00;925.00;0.00;07.12.2023;21
"0301";"31601";"3520723";" ";0.000;-286.00;985.00;0.00;07.12.2023;21
"0301";"31601";"3520754";" ";0.000;-250.00;985.00;0.00;07.12.2023;21
"0301";"31601";"3521058";" ";0.000;-226.00;925.00;0.00;07.12.2023;21
"0301";"31601";"3521089";" ";0.000;-250.00;985.00;0.00;07.12.2023;21
"0301";"31601";"3521119";" ";0.000;-226.00;925.00;0.00;07.12.2023;21
"0301";"31601";"3521140";" ";0.000;-250.00;985.00;0.00;07.12.2023;21
"0301";"31601";"3521171";" ";0.000;-226.00;925.00;0.00;07.12.2023;21
"0301";"31601";"3521201";" ";0.000;-250.00;985.00;0.00;07.12.2023;21
"0301";"31601";"3521232";" ";0.000;-250.00;985.00;0.00;07.12.2023;21
"0301";"31601";"3521263";" ";0.000;-286.00;985.00;0.00;07.12.2023;21
"0301";"31601";"3521294";" ";0.000;-286.00;985.00;0.00;07.12.2023;21
"0301";"31601";"3521324";" ";0.000;-250.00;985.00;0.00;07.12.2023;21
"0301";"31601";"3521355";" ";0.000;-250.00;985.00;0.00;07.12.2023;21
"0301";"31601";"3521386";" ";0.000;-226.00;925.00;0.00;07.12.2023;21
"0301";"31601";"3540769";" ";0.000;680.00;935.00;0.00;07.12.2023;21
"0301";"31601";"3540790";" ";0.000;16.00;1599.00;0.00;07.12.2023;21
"0301";"31601";"3540974";" ";0.000;16.00;1599.00;0.00;07.12.2023;21
"0301";"31601";"3541001";" ";0.000;16.00;1599.00;0.00;07.12.2023;21
"0301";"31601";"3541155";" ";0.000;16.00;1599.00;0.00;07.12.2023;21
"0301";"31601";"3541186";" ";0.000;16.00;1599.00;0.00;07.12.2023;21
"0301";"31601";"3541360";" ";0.000;16.00;1599.00;0.00;07.12.2023;21
"0301";"31601";"3541391";" ";0.000;16.00;1599.00;0.00;07.12.2023;21
"0301";"31601";"3541872";" ";0.000;16.00;1599.00;0.00;07.12.2023;21
"0301";"31601";"3541902";" ";0.000;16.00;1599.00;0.00;07.12.2023;21
"0301";"31601";"3542350";" ";0.000;16.00;1599.00;0.00;07.12.2023;21
"0301";"31601";"3542381";" ";0.000;16.00;1599.00;0.00;07.12.2023;21
"0301";"31601";"3542657";" ";0.000;16.00;1599.00;0.00;07.12.2023;21
"0301";"31601";"3542688";" ";0.000;16.00;1599.00;0.00;07.12.2023;21
"0301";"31601";"3542862";" ";0.000;16.00;1599.00;0.00;07.12.2023;21
"0301";"31601";"3542893";" ";0.000;16.00;1599.00;0.00;07.12.2023;21
"0301";"31601";"3543791";" ";0.000;-204.00;1459.00;0.00;07.12.2023;21
"0301";"31601";"3545108";" ";0.000;-204.00;1459.00;0.00;07.12.2023;21
"0301";"31601";"3545139";" ";0.000;-204.00;1459.00;0.00;07.12.2023;21
"0301";"31601";"3545160";" ";0.000;-204.00;1459.00;0.00;07.12.2023;21
"0301";"31601";"3545191";" ";0.000;-204.00;1459.00;0.00;07.12.2023;21
"0301";"31601";"3549649";" ";0.000;10.00;835.00;0.00;07.12.2023;21
"0301";"31601";"3550751";" ";0.000;-816.00;1835.00;0.00;07.12.2023;21
"0301";"31601";"3550775";" ";0.000;-1244.00;2499.00;0.00;07.12.2023;21
"0301";"31601";"3550799";" ";0.000;-1890.00;4119.00;0.00;07.12.2023;21
"0301";"31601";"3550812";" ";0.000;-1016.00;2345.00;0.00;07.12.2023;21
"0301";"31601";"3550836";" ";0.000;-1494.00;2979.00;0.00;07.12.2023;21
"0301";"31601";"3550850";" ";0.000;-1500.00;4119.00;0.00;07.12.2023;21
"0301";"31601";"3550874";" ";0.000;-1016.00;2345.00;0.00;07.12.2023;21
"0301";"31601";"3550898";" ";0.000;-1494.00;2979.00;0.00;07.12.2023;21
"0301";"31601";"3550911";" ";0.000;-1500.00;4119.00;0.00;07.12.2023;21
"0301";"31601";"3550935";" ";0.000;-1016.00;2345.00;0.00;07.12.2023;21
"0301";"31601";"3550959";" ";0.000;-1494.00;2979.00;0.00;07.12.2023;21
"0301";"31601";"3550973";" ";0.000;-1500.00;4119.00;0.00;07.12.2023;21
"0301";"31601";"3550997";" ";0.000;-816.00;1835.00;0.00;07.12.2023;21
"0301";"31601";"3551017";" ";0.000;-1244.00;2499.00;0.00;07.12.2023;21
"0301";"31601";"3551031";" ";0.000;-1890.00;4119.00;0.00;07.12.2023;21
"0301";"31601";"3551055";" ";0.000;-816.00;1835.00;0.00;07.12.2023;21
"0301";"31601";"3551079";" ";0.000;-1244.00;2499.00;0.00;07.12.2023;21
"0301";"31601";"3551093";" ";0.000;-1890.00;4119.00;0.00;07.12.2023;21
"0301";"31601";"3551116";" ";0.000;-1016.00;2345.00;0.00;07.12.2023;21
"0301";"31601";"3551130";" ";0.000;-1494.00;2979.00;0.00;07.12.2023;21
"0301";"31601";"3551154";" ";0.000;-1500.00;4119.00;0.00;07.12.2023;21
"0301";"31601";"3551178";" ";0.000;-1016.00;2345.00;0.00;07.12.2023;21
"0301";"31601";"3551192";" ";0.000;-1494.00;2979.00;0.00;07.12.2023;21
"0301";"31601";"3551215";" ";0.000;-1500.00;4119.00;0.00;07.12.2023;21
"0301";"31601";"3551239";" ";0.000;-816.00;1835.00;0.00;07.12.2023;21
"0301";"31601";"3551253";" ";0.000;-1244.00;2499.00;0.00;07.12.2023;21
"0301";"31601";"3551277";" ";0.000;-1186.00;3415.00;0.00;07.12.2023;21
"0301";"31601";"3551291";" ";0.000;-816.00;1835.00;0.00;07.12.2023;21
"0301";"31601";"3551314";" ";0.000;-1244.00;2499.00;0.00;07.12.2023;21
"0301";"31601";"3551338";" ";0.000;-1186.00;3415.00;0.00;07.12.2023;21
"0301";"31601";"3552120";" ";0.000;40.00;855.00;0.00;07.12.2023;21
"0301";"31601";"3552229";" ";0.000;66.00;1249.00;0.00;07.12.2023;21
"0301";"31601";"3552236";" ";0.000;66.00;1249.00;0.00;07.12.2023;21
"0301";"31601";"3553288";" ";0.000;10.00;1545.00;0.00;07.12.2023;21
"0301";"31601";"3553301";" ";0.000;10.00;1545.00;0.00;07.12.2023;21
"0301";"31601";"3553325";" ";0.000;10.00;1545.00;0.00;07.12.2023;21
"0301";"31601";"3553349";" ";0.000;10.00;1545.00;0.00;07.12.2023;21
"0301";"31601";"3553363";" ";0.000;10.00;1545.00;0.00;07.12.2023;21
"0301";"31601";"3553387";" ";0.000;10.00;1545.00;0.00;07.12.2023;21
"0301";"31601";"3553400";" ";0.000;10.00;1545.00;0.00;07.12.2023;21
"0301";"31601";"3553493";" ";0.000;10.00;235.00;0.00;07.12.2023;21
"0301";"31601";"3553509";" ";0.000;10.00;235.00;0.00;07.12.2023;21
"0301";"31601";"3553745";" ";0.000;-50.00;845.00;0.00;07.12.2023;21
"0301";"31601";"3553752";" ";0.000;-50.00;845.00;0.00;07.12.2023;21
"0301";"31601";"3554117";" ";0.000;56.00;999.00;0.00;07.12.2023;21
"0301";"31601";"3554155";" ";0.000;170.00;3529.00;0.00;07.12.2023;21
"0301";"31601";"3571718";" ";0.000;-60.00;655.00;0.00;07.12.2023;21
"0301";"31601";"3571749";" ";0.000;-60.00;655.00;0.00;07.12.2023;21
"0301";"31601";"3571770";" ";0.000;-64.00;699.00;0.00;07.12.2023;21
"0301";"31601";"3571800";" ";0.000;-64.00;699.00;0.00;07.12.2023;21
"0301";"31601";"3571954";" ";0.000;-76.00;755.00;0.00;07.12.2023;21
"0301";"31601";"3571985";" ";0.000;-76.00;755.00;0.00;07.12.2023;21
"0301";"31601";"3572012";" ";0.000;-100.00;985.00;0.00;07.12.2023;21
"0301";"31601";"3572043";" ";0.000;-100.00;985.00;0.00;07.12.2023;21
"0301";"31601";"3572678";" ";0.000;-76.00;755.00;0.00;07.12.2023;21
"0301";"31601";"3572708";" ";0.000;-76.00;755.00;0.00;07.12.2023;21
"0301";"31601";"3572739";" ";0.000;-100.00;985.00;0.00;07.12.2023;21
"0301";"31601";"3572760";" ";0.000;-100.00;985.00;0.00;07.12.2023;21
"0301";"31601";"3573903";" ";0.000;146.00;899.00;0.00;07.12.2023;21
"0301";"31601";"3575174";" ";0.000;-996.00;2445.00;0.00;07.12.2023;21
"0301";"31601";"3575198";" ";0.000;-996.00;2445.00;0.00;07.12.2023;21
"0301";"31601";"3575211";" ";0.000;-996.00;2445.00;0.00;07.12.2023;21
"0301";"31601";"3575235";" ";0.000;480.00;899.00;0.00;07.12.2023;21
"0301";"31601";"3575259";" ";0.000;-996.00;2445.00;0.00;07.12.2023;21
"0301";"31601";"3575273";" ";0.000;-996.00;2445.00;0.00;07.12.2023;21
"0301";"31601";"3575297";" ";0.000;-996.00;2445.00;0.00;07.12.2023;21
"0301";"31601";"3575310";" ";0.000;-996.00;2445.00;0.00;07.12.2023;21
"0301";"31601";"3576362";" ";0.000;710.00;759.00;0.00;07.12.2023;21
"0301";"31601";"3576461";" ";0.000;-704.00;2029.00;0.00;07.12.2023;21
"0301";"31601";"3577116";" ";0.000;-350.00;1285.00;0.00;07.12.2023;21
"0301";"31601";"3577642";" ";0.000;-704.00;2029.00;0.00;07.12.2023;21
"0301";"31601";"3577666";" ";0.000;-704.00;2029.00;0.00;07.12.2023;21
"0301";"31601";"3577673";" ";0.000;-704.00;2029.00;0.00;07.12.2023;21
"0301";"31601";"3577680";" ";0.000;-704.00;2029.00;0.00;07.12.2023;21
"0301";"31601";"3577734";" ";0.000;-920.00;2445.00;0.00;07.12.2023;21
"0301";"31601";"3577772";" ";0.000;-920.00;2445.00;0.00;07.12.2023;21
"0301";"31601";"3577796";" ";0.000;-920.00;2445.00;0.00;07.12.2023;21
"0301";"31601";"3577819";" ";0.000;-920.00;2445.00;0.00;07.12.2023;21
"0301";"31601";"3577833";" ";0.000;-920.00;2445.00;0.00;07.12.2023;21
"0301";"31601";"3577857";" ";0.000;-920.00;2445.00;0.00;07.12.2023;21
"0301";"31601";"3577871";" ";0.000;-920.00;2445.00;0.00;07.12.2023;21
"0301";"31601";"3577895";" ";0.000;-920.00;2445.00;0.00;07.12.2023;21
"0301";"31601";"3577918";" ";0.000;-920.00;2445.00;0.00;07.12.2023;21
"0301";"31601";"3577932";" ";0.000;-920.00;2445.00;0.00;07.12.2023;21
"0301";"31601";"3578038";" ";0.000;-704.00;2029.00;0.00;07.12.2023;21
"0301";"31601";"3578052";" ";0.000;-704.00;2029.00;0.00;07.12.2023;21
"0301";"31601";"3578076";" ";0.000;-704.00;2029.00;0.00;07.12.2023;21
"0301";"31601";"3578113";" ";0.000;-704.00;2029.00;0.00;07.12.2023;21
"0301";"31601";"3578137";" ";0.000;-704.00;2029.00;0.00;07.12.2023;21
"0301";"31601";"3578861";" ";0.000;-920.00;2445.00;0.00;07.12.2023;21
"0301";"31601";"3578885";" ";0.000;-920.00;2445.00;0.00;07.12.2023;21
"0301";"31601";"3578908";" ";0.000;-920.00;2445.00;0.00;07.12.2023;21
"0301";"31601";"3579004";" ";0.000;-996.00;2445.00;0.00;07.12.2023;21
"0301";"31601";"3579189";" ";0.000;4.00;895.00;0.00;07.12.2023;21
"0301";"31601";"3579202";" ";0.000;4.00;895.00;0.00;07.12.2023;21
"0301";"31601";"3579226";" ";0.000;4.00;895.00;0.00;07.12.2023;21
"0301";"31601";"3579240";" ";0.000;4.00;895.00;0.00;07.12.2023;21
"0301";"31601";"3579684";" ";0.000;-264.00;1019.00;0.00;07.12.2023;21
"0301";"31601";"3579707";" ";0.000;-264.00;1019.00;0.00;07.12.2023;21
"0301";"31601";"3579806";" ";0.000;-264.00;1019.00;0.00;07.12.2023;21
"0301";"31601";"3579820";" ";0.000;-264.00;1019.00;0.00;07.12.2023;21
"0301";"31601";"3580048";" ";0.000;-996.00;2445.00;0.00;07.12.2023;21
"0301";"31601";"3580130";" ";0.000;10.00;1245.00;0.00;07.12.2023;21
"0301";"31601";"3580154";" ";0.000;10.00;1245.00;0.00;07.12.2023;21
"0301";"31601";"3580277";" ";0.000;10.00;925.00;0.00;07.12.2023;21
"0301";"31601";"3580291";" ";0.000;10.00;925.00;0.00;07.12.2023;21
"0301";"31601";"3580314";" ";0.000;10.00;925.00;0.00;07.12.2023;21
"0301";"31601";"3580451";" ";0.000;-264.00;1019.00;0.00;07.12.2023;21
"0301";"31601";"3580475";" ";0.000;-264.00;1019.00;0.00;07.12.2023;21
"0301";"31601";"3580499";" ";0.000;-264.00;1019.00;0.00;07.12.2023;21
"0301";"31601";"3580512";" ";0.000;-264.00;1019.00;0.00;07.12.2023;21
"0301";"31601";"3580840";" ";0.000;10.00;925.00;0.00;07.12.2023;21
"0301";"31601";"3580963";" ";0.000;-420.00;1675.00;0.00;07.12.2023;21
"0301";"31601";"3580987";" ";0.000;-420.00;1675.00;0.00;07.12.2023;21
"0301";"31601";"3581007";" ";0.000;-220.00;1315.00;0.00;07.12.2023;21
"0301";"31601";"3581021";" ";0.000;-220.00;1315.00;0.00;07.12.2023;21
"0301";"31601";"3581045";" ";0.000;10.00;925.00;0.00;07.12.2023;21
"0301";"31601";"3581069";" ";0.000;10.00;925.00;0.00;07.12.2023;21
"0301";"31601";"3581083";" ";0.000;10.00;925.00;0.00;07.12.2023;21
"0301";"31601";"3581229";" ";0.000;10.00;1245.00;0.00;07.12.2023;21
"0301";"31601";"3581243";" ";0.000;10.00;1245.00;0.00;07.12.2023;21
"0301";"31601";"3581267";" ";0.000;10.00;1245.00;0.00;07.12.2023;21
"0301";"31601";"3581342";" ";0.000;-284.00;1069.00;0.00;07.12.2023;21
"0301";"31601";"3581366";" ";0.000;-284.00;1069.00;0.00;07.12.2023;21
"0301";"31601";"3581380";" ";0.000;-284.00;1069.00;0.00;07.12.2023;21
"0301";"31601";"3581489";" ";0.000;4.00;1095.00;0.00;07.12.2023;21
"0301";"31601";"3581489";"1";0.000;4.00;1095.00;0.00;07.12.2023;21
"0301";"31601";"3582561";" ";0.000;4.00;1095.00;0.00;07.12.2023;21
"0301";"31601";"3582585";" ";0.000;4.00;1095.00;0.00;07.12.2023;21
"0301";"31601";"3582608";" ";0.000;4.00;1095.00;0.00;07.12.2023;21
"0301";"31601";"3582622";" ";0.000;4.00;1095.00;0.00;07.12.2023;21
"0301";"31601";"3582929";" ";0.000;-220.00;1675.00;0.00;07.12.2023;21
"0301";"31601";"3582929";" ";0.000;0.00;1455.00;0.00;07.12.2023;21
"0301";"31601";"3585203";" ";0.000;10.00;1025.00;0.00;07.12.2023;21
"0301";"31601";"3585227";" ";0.000;10.00;1025.00;0.00;07.12.2023;21
"0301";"31601";"3585241";" ";0.000;10.00;1025.00;0.00;07.12.2023;21
"0301";"31601";"3585289";" ";0.000;10.00;1025.00;0.00;07.12.2023;21
"0301";"31601";"3585302";" ";0.000;10.00;1025.00;0.00;07.12.2023;21
"0301";"31601";"3585470";" ";0.000;4.00;75.00;0.00;07.12.2023;21
"0301";"31601";"3585471";" ";0.000;4.00;75.00;0.00;07.12.2023;21
"0301";"31601";"3585472";" ";0.000;4.00;75.00;0.00;07.12.2023;21
"0301";"31601";"3585791";" ";0.000;84.00;1385.00;0.00;07.12.2023;21
"0301";"31601";"3585814";" ";0.000;210.00;1565.00;0.00;07.12.2023;21
"0301";"31601";"3585838";" ";0.000;64.00;1315.00;0.00;07.12.2023;21
"0301";"31601";"3591501";" ";0.000;50.00;1045.00;0.00;07.12.2023;21
"0301";"31601";"3591525";" ";0.000;50.00;1045.00;0.00;07.12.2023;21
"0502";"13181";"6003713";"5";34.720;499.00;206.83;2598.80;11.12.2023;21
"0502";"13181";"6004235";"1";6.720;735.00;172.41;740.88;11.12.2023;21
"0502";"13181";"1500288";" ";1.000;870.00;455.59;174.00;11.12.2023;21
"0504";"13182";"2002206";"9";2.800;69.00;88.73;0.00;07.12.2023;21
"0502";"13183";"7900101";" ";1.000;297.00;127.02;74.25;07.12.2023;21
"0502";"13183";"7902214";" ";1.000;2316.00;881.40;579.00;07.12.2023;21
"0502";"13183";"7900710";" ";2.000;930.00;390.59;465.00;07.12.2023;21
"0502";"13183";"6000262";" ";1.000;305.00;158.89;30.50;07.12.2023;21
"0502";"13183";"7123456";" ";8.000;268.00;163.28;214.40;07.12.2023;21
"0202";"30289";"7000621";" ";6.000;139.00;59.61;0.00;07.12.2023;21
"0202";"30289";"7214704";" ";2.000;334.00;137.82;0.00;07.12.2023;21
"0202";"30289";"7218004";" ";3.000;270.00;111.24;0.00;07.12.2023;21
"0202";"30289";"7218700";" ";6.000;314.00;134.87;0.00;07.12.2023;21
"0202";"30289";"7902025";" ";10.000;596.00;255.97;0.00;07.12.2023;21
"0202";"30289";"7909988";" ";6.000;314.00;134.87;0.00;07.12.2023;21
"0202";"30289";"7909990";" ";6.000;314.00;134.87;0.00;07.12.2023;21
"0202";"30289";"7909954";"9";2.000;1565.00;672.61;0.00;07.12.2023;21
"0202";"30289";"3100000";"1";1.000;726.00;600.00;0.00;07.12.2023;21
"0502";"13184";"3100000";"1";1.000;726.00;249.46;0.00;07.12.2023;21
"0502";"13181";"     24";" ";1.000;-1500.00;0.00;0.00;11.12.2023;21
"0506";"13185";"8003015";"2";1.000;460.00;368.60;0.00;07.12.2023;21
"0502";"13186";"7909954";"9";2.000;1565.00;672.61;939.00;07.12.2023;21
"0506";"13187";"1301873";" ";1.000;348.00;172.80;52.20;07.12.2023;21
"0506";"13187";"1303667";" ";1.000;198.00;98.40;29.70;07.12.2023;21
"0502";"13188";"1010691";"6";11.430;431.00;198.90;738.90;07.12.2023;21
"0506";"13189";"9172436";"3";1.000;531.00;373.15;0.00;07.12.2023;21
"0502";"13190";"2003755";"1";12.000;899.00;322.64;1618.20;08.12.2023;21
"0502";"13190";"2003756";"1";16.800;899.00;165.45;2265.50;08.12.2023;21
"0502";"13190";"2003758";"1";5.250;1079.00;230.00;849.70;08.12.2023;21
"0502";"13190";"1301873";" ";1.000;348.00;172.80;69.60;08.12.2023;21
"0502";"13190";"4990623";" ";1.000;2990.00;1461.26;747.50;08.12.2023;21
"0502";"13191";"7000621";" ";6.000;139.00;59.61;291.90;08.12.2023;21
"0502";"13193";"1010691";"3";6.350;431.00;198.90;1094.76;08.12.2023;21
"0501";"13194";"7217402";" ";2.000;167.00;79.80;83.50;08.12.2023;21
"0502";"13195";"6000185";" ";10.000;169.00;84.20;338.00;08.12.2023;21
"0502";"13195";"5800002";" ";1.000;154.00;112.70;0.00;08.12.2023;21
"0502";"13196";"7909990";" ";1.000;314.00;134.82;94.20;08.12.2023;21
"0502";"13196";"7123456";" ";10.000;268.00;163.28;268.00;08.12.2023;21
"0502";"13181";"     49";" ";1.000;290.00;0.00;0.00;11.12.2023;21
"0502";"13181";"     70";" ";1.000;-290.00;0.00;0.00;11.12.2023;21
"0504";"13197";"7909986";" ";1.000;314.00;134.83;0.00;08.12.2023;21
"0221";" 3471";"4990334";" ";1.000;4690.00;2009.12;0.00;08.12.2023;21
"0221";" 3471";"4110013";" ";1.000;2450.00;987.04;0.00;08.12.2023;21
"0221";" 3471";"4030140";" ";2.000;3450.00;1190.10;0.00;08.12.2023;21
"0502";"13198";"4110013";" ";1.000;2450.00;987.04;612.50;08.12.2023;21
"0502";"13178";"4030140";" ";2.000;3450.00;1190.10;1725.00;06.12.2023;21
"0221";" 3472";"4301011";" ";1.000;5050.00;2170.25;0.00;08.12.2023;21
"0221";" 3472";"5900593";" ";1.000;220.00;109.78;0.00;08.12.2023;21
"0221";" 3472";"9995924";" ";1.000;9990.00;5001.05;0.00;08.12.2023;21
"0221";" 3472";"6300064";" ";1.000;7867.00;3897.93;0.00;08.12.2023;21
"0221";" 3472";"6300067";" ";1.000;2378.00;1001.36;0.00;08.12.2023;21
"0221";" 3472";"4990681";" ";1.000;3950.00;1697.52;0.00;08.12.2023;21
"0221";" 3472";"4990330";" ";1.000;3190.00;1369.83;0.00;08.12.2023;21
"0221";" 3472";"4990354";" ";1.000;10390.00;4469.42;0.00;08.12.2023;21
"0502";"13144";"4301011";" ";1.000;5050.00;2170.25;1262.50;01.12.2023;21
"0502";"13171";"9995924";" ";1.000;9990.00;5001.05;1498.50;06.12.2023;21
"0502";"13171";"6300064";" ";1.000;7867.00;3897.93;2753.50;06.12.2023;21
"0502";"13171";"6300067";" ";1.000;2378.00;1001.36;832.30;06.12.2023;21
"0502";"13171";"4990681";" ";1.000;3950.00;1697.52;987.50;06.12.2023;21
"0502";"13199";"4990330";" ";1.000;3190.00;1369.83;797.50;08.12.2023;21
"0502";"13200";"5900593";" ";1.000;220.00;109.78;66.00;08.12.2023;21
"0502";"13201";"5004800";"7";4.320;685.00;264.73;591.80;08.12.2023;21
"0502";"13201";"7214104";" ";1.000;334.00;137.82;0.00;08.12.2023;21
"0502";"13201";"7909986";" ";2.000;314.00;134.83;0.00;08.12.2023;21
"0501";"13202";"7900105";" ";1.000;873.00;368.61;218.25;08.12.2023;21
"0220";" 3473";"6003480";"2";9.380;1065.00;307.65;0.00;08.12.2023;21
"0506";"13203";"     22";" ";1.000;1500.00;0.00;0.00;08.12.2023;21
"0202";"30290";"9996034";" ";1.000;10760.00;5513.39;0.00;08.12.2023;21
"0502";"13204";"9996034";" ";1.000;10760.00;5513.39;2905.20;08.12.2023;21
"0221";" 3474";"6005418";"1";7.150;1029.00;334.84;0.00;08.12.2023;21
"0221";" 3474";"6003377";"8";82.350;399.00;176.42;0.00;08.12.2023;21
"0221";" 3474";"5003690";"=";11.880;829.00;305.65;0.00;08.12.2023;21
"0221";" 3474";"6005416";"1";45.760;499.00;215.74;0.00;08.12.2023;21
"0221";" 3474";"6005414";" ";228.800;499.00;215.74;0.00;08.12.2023;21
"0221";" 3474";"6005415";"2";161.100;499.00;226.73;0.00;08.12.2023;21
"0221";" 3474";"3580550";"1";91.520;499.00;235.41;0.00;08.12.2023;21
"0506";"13205";"4990334";" ";1.000;4690.00;2009.12;1172.50;08.12.2023;21
"0506";"13205";"1302681";" ";1.000;114.00;43.20;17.10;08.12.2023;21
"0506";"13205";"1303848";" ";1.000;359.00;202.00;53.90;08.12.2023;21
"0502";"13143";"7901625";" ";8.000;379.00;227.18;303.20;08.12.2023;21
"0502";"13143";"7123456";" ";5.000;268.00;163.28;134.00;08.12.2023;21
"0502";"13143";"2700118";" ";1.000;669.00;215.63;66.90;08.12.2023;21
"0502";"13206";"6005418";"1";7.150;1029.00;334.84;1103.61;08.12.2023;21
"0502";"13206";"6005416";"1";30.030;499.00;215.74;2247.75;08.12.2023;21
"0502";"13206";"6005414";" ";204.490;499.00;216.85;15306.08;08.12.2023;21
"0502";"13206";"6005415";"2";118.140;499.00;226.73;8842.79;08.12.2023;21
"0502";"13178";"6003377";"8";82.350;399.00;176.42;4928.70;06.12.2023;21
"0502";"13181";"5003690";"=";11.880;829.00;305.65;1969.70;11.12.2023;21
"0502";"13207";"3580550";"1";35.750;499.00;235.06;2675.90;08.12.2023;21
"0506";"13208";"6000261";" ";1.000;363.00;189.15;0.00;08.12.2023;21
"0506";"13208";"6000262";" ";5.000;305.00;158.89;0.00;08.12.2023;21
"0502";"13209";"1009959";"1";2.420;499.00;145.10;181.14;11.12.2023;21
"0502";"13210";"5004797";"5";15.120;685.00;198.34;2589.30;11.12.2023;21
"0502";"13210";"5004792";"3";3.240;699.00;213.01;566.20;11.12.2023;21
"0504";"13211";"7204800";" ";1.000;314.00;134.79;0.00;11.12.2023;21
"0502";"13212";"2003360";"5";16.000;399.00;155.18;957.60;11.12.2023;21
"0202";"30291";"5102336";" ";2.000;6390.00;3274.22;0.00;11.12.2023;21
"0202";"30291";"5101682";" ";1.000;9700.00;4970.25;0.00;11.12.2023;21
"0202";"30291";"5101691";" ";1.000;2890.00;1480.83;0.00;11.12.2023;21
"0202";"30291";"5100296";"1";1.000;6944.00;3156.36;0.00;11.12.2023;21
"0502";"13213";"5102336";" ";2.000;6390.00;3274.22;3834.00;11.12.2023;21
"0502";"13171";"5101682";" ";1.000;9700.00;4970.25;2910.00;06.12.2023;21
"0502";"13171";"5101691";" ";1.000;2890.00;1480.83;867.00;06.12.2023;21
"0502";"13214";"5100296";"1";1.000;6944.00;3156.36;2083.20;11.12.2023;21
"0502";"13213";"5800002";" ";1.000;154.00;112.70;0.00;11.12.2023;21
